{"timestamp": "2026-10-03T01:13:11.621614+00:00", "timestamp_ms": 1790989991621, "event": "sample", "controller": "queue-scaler-6678bfc76f-tdbxc", "engine": "chromium", "queue": 0.0, "replicas": 1, "high_samples": 0}
{"timestamp": "2026-10-03T01:13:11.633524+00:00", "timestamp_ms": 1790989991633, "event": "sample", "controller": "queue-scaler-6678bfc76f-tdbxc", "engine": "libreoffice", "queue": 0.0, "replicas": 1, "high_samples": 0}
{"timestamp": "2026-10-03T01:13:12.625269+00:00", "timestamp_ms": 1790989992625, "event": "sample", "controller": "queue-scaler-6678bfc76f-tdbxc", "engine": "chromium", "queue": 0.0, "replicas": 1, "high_samples": 0}
{"timestamp": "2026-10-03T01:13:12.640337+00:00", "timestamp_ms": 1790989992640, "event": "sample", "controller": "queue-scaler-6678bfc76f-tdbxc", "engine": "libreoffice", "queue": 0.0, "replicas": 1, "high_samples": 0}
{"timestamp": "2026-10-03T01:13:13.620651+00:00", "timestamp_ms": 1790989993620, "event": "sample", "controller": "queue-scaler-6678bfc76f-tdbxc", "engine": "chromium", "queue": 0.0, "replicas": 1, "high_samples": 0}
{"timestamp": "2026-10-03T01:13:13.630256+00:00", "timestamp_ms": 1790989993630, "event": "sample", "controller": "queue-scaler-6678bfc76f-tdbxc", "engine": "libreoffice", "queue": 0.0, "replicas": 1, "high_samples": 0}
{"timestamp": "2026-10-03T01:13:14.621595+00:00", "timestamp_ms": 1790989994621, "event": "sample", "controller": "queue-scaler-6678bfc76f-tdbxc", "engine": "chromium", "queue": 0.0, "replicas": 1, "high_samples": 0}
{"timestamp": "2026-10-03T01:13:14.631791+00:00", "timestamp_ms": 1790989994631, "event": "sample", "controller": "queue-scaler-6678bfc76f-tdbxc", "engine": "libreoffice", "queue": 0.0, "replicas": 1, "high_samples": 0}
{"timestamp": "2026-10-03T01:13:15.621551+00:00", "timestamp_ms": 1790989995621, "event": "sample", "controller": "queue-scaler-6678bfc76f-tdbxc", "engine": "chromium", "queue": 0.0, "replicas": 1, "high_samples": 0}
{"timestamp": "2026-10-03T01:13:15.632738+00:00", "timestamp_ms": 1790989995632, "event": "sample", "controller": "queue-scaler-6678bfc76f-tdbxc", "engine": "libreoffice", "queue": 0.0, "replicas": 1, "high_samples": 0}
{"timestamp": "2026-10-03T01:13:16.621041+00:00", "timestamp_ms": 1790989996621, "event": "sample", "controller": "queue-scaler-6678bfc76f-tdbxc", "engine": "chromium", "queue": 0.0, "replicas": 1, "high_samples": 0}
{"timestamp": "2026-10-03T01:13:16.630401+00:00", "timestamp_ms": 1790989996630, "event": "sample", "controller": "queue-scaler-6678bfc76f-tdbxc", "engine": "libreoffice", "queue": 0.0, "replicas": 1, "high_samples": 0}
{"timestamp": "2026-10-03T01:13:17.621460+00:00", "timestamp_ms": 1790989997621, "event": "sample", "controller": "queue-scaler-6678bfc76f-tdbxc", "engine": "chromium", "queue": 0.0, "replicas": 1, "high_samples": 0}
{"timestamp": "2026-10-03T01:13:17.632464+00:00", "timestamp_ms": 1790989997632, "event": "sample", "controller": "queue-scaler-6678bfc76f-tdbxc", "engine": "libreoffice", "queue": 0.0, "replicas": 1, "high_samples": 0}
{"timestamp": "2026-10-03T01:13:18.622114+00:00", "timestamp_ms": 1790989998622, "event": "sample", "controller": "queue-scaler-6678bfc76f-tdbxc", "engine": "chromium", "queue": 0.0, "replicas": 1, "high_samples": 0}
{"timestamp": "2026-10-03T01:13:18.632216+00:00", "timestamp_ms": 1790989998632, "event": "sample", "controller": "queue-scaler-6678bfc76f-tdbxc", "engine": "libreoffice", "queue": 0.0, "replicas": 1, "high_samples": 0}
{"timestamp": "2026-10-03T01:13:19.620737+00:00", "timestamp_ms": 1790989999620, "event": "sample", "controller": "queue-scaler-6678bfc76f-tdbxc", "engine": "chromium", "queue": 0.0, "replicas": 1, "high_samples": 0}
{"timestamp": "2026-10-03T01:13:19.631604+00:00", "timestamp_ms": 1790989999631, "event": "sample", "controller": "queue-scaler-6678bfc76f-tdbxc", "engine": "libreoffice", "queue": 0.0, "replicas": 1, "high_samples": 0}
{"timestamp": "2026-10-03T01:13:20.620945+00:00", "timestamp_ms": 1790990000620, "event": "sample", "controller": "queue-scaler-6678bfc76f-tdbxc", "engine": "chromium", "queue": 0.0, "replicas": 1, "high_samples": 0}
{"timestamp": "2026-10-03T01:13:20.631866+00:00", "timestamp_ms": 1790990000631, "event": "sample", "controller": "queue-scaler-6678bfc76f-tdbxc", "engine": "libreoffice", "queue": 0.0, "replicas": 1, "high_samples": 0}
{"timestamp": "2026-10-03T01:13:21.620469+00:00", "timestamp_ms": 1790990001620, "event": "sample", "controller": "queue-scaler-6678bfc76f-tdbxc", "engine": "chromium", "queue": 0.0, "replicas": 1, "high_samples": 0}
{"timestamp": "2026-10-03T01:13:21.633895+00:00", "timestamp_ms": 1790990001633, "event": "sample", "controller": "queue-scaler-6678bfc76f-tdbxc", "engine": "libreoffice", "queue": 0.0, "replicas": 1, "high_samples": 0}
{"timestamp": "2026-10-03T01:13:22.623518+00:00", "timestamp_ms": 1790990002623, "event": "sample", "controller": "queue-scaler-6678bfc76f-tdbxc", "engine": "chromium", "queue": 0.0, "replicas": 1, "high_samples": 0}
{"timestamp": "2026-10-03T01:13:22.635169+00:00", "timestamp_ms": 1790990002635, "event": "sample", "controller": "queue-scaler-6678bfc76f-tdbxc", "engine": "libreoffice", "queue": 0.0, "replicas": 1, "high_samples": 0}
{"timestamp": "2026-10-03T01:13:23.621164+00:00", "timestamp_ms": 1790990003621, "event": "sample", "controller": "queue-scaler-6678bfc76f-tdbxc", "engine": "chromium", "queue": 0.0, "replicas": 1, "high_samples": 0}
{"timestamp": "2026-10-03T01:13:23.633472+00:00", "timestamp_ms": 1790990003633, "event": "sample", "controller": "queue-scaler-6678bfc76f-tdbxc", "engine": "libreoffice", "queue": 0.0, "replicas": 1, "high_samples": 0}
{"timestamp": "2026-10-03T01:13:24.620962+00:00", "timestamp_ms": 1790990004620, "event": "sample", "controller": "queue-scaler-6678bfc76f-tdbxc", "engine": "chromium", "queue": 0.0, "replicas": 1, "high_samples": 0}
{"timestamp": "2026-10-03T01:13:24.632173+00:00", "timestamp_ms": 1790990004632, "event": "sample", "controller": "queue-scaler-6678bfc76f-tdbxc", "engine": "libreoffice", "queue": 0.0, "replicas": 1, "high_samples": 0}
{"timestamp": "2026-10-03T01:13:25.621297+00:00", "timestamp_ms": 1790990005621, "event": "sample", "controller": "queue-scaler-6678bfc76f-tdbxc", "engine": "chromium", "queue": 0.0, "replicas": 1, "high_samples": 0}
{"timestamp": "2026-10-03T01:13:25.632315+00:00", "timestamp_ms": 1790990005632, "event": "sample", "controller": "queue-scaler-6678bfc76f-tdbxc", "engine": "libreoffice", "queue": 0.0, "replicas": 1, "high_samples": 0}
{"timestamp": "2026-10-03T01:13:26.621912+00:00", "timestamp_ms": 1790990006621, "event": "sample", "controller": "queue-scaler-6678bfc76f-tdbxc", "engine": "chromium", "queue": 0.0, "replicas": 1, "high_samples": 0}
{"timestamp": "2026-10-03T01:13:26.631642+00:00", "timestamp_ms": 1790990006631, "event": "sample", "controller": "queue-scaler-6678bfc76f-tdbxc", "engine": "libreoffice", "queue": 0.0, "replicas": 1, "high_samples": 0}
{"timestamp": "2026-10-03T01:13:27.622119+00:00", "timestamp_ms": 1790990007622, "event": "sample", "controller": "queue-scaler-6678bfc76f-tdbxc", "engine": "chromium", "queue": 0.0, "replicas": 1, "high_samples": 0}
{"timestamp": "2026-10-03T01:13:27.633093+00:00", "timestamp_ms": 1790990007633, "event": "sample", "controller": "queue-scaler-6678bfc76f-tdbxc", "engine": "libreoffice", "queue": 0.0, "replicas": 1, "high_samples": 0}
{"timestamp": "2026-10-03T01:13:28.622971+00:00", "timestamp_ms": 1790990008622, "event": "sample", "controller": "queue-scaler-6678bfc76f-tdbxc", "engine": "chromium", "queue": 1.0, "replicas": 1, "high_samples": 0}
{"timestamp": "2026-10-03T01:13:28.634572+00:00", "timestamp_ms": 1790990008634, "event": "sample", "controller": "queue-scaler-6678bfc76f-tdbxc", "engine": "libreoffice", "queue": 0.0, "replicas": 1, "high_samples": 0}
{"timestamp": "2026-10-03T01:13:29.622850+00:00", "timestamp_ms": 1790990009622, "event": "sample", "controller": "queue-scaler-6678bfc76f-tdbxc", "engine": "chromium", "queue": 12.0, "replicas": 1, "high_samples": 1}
{"timestamp": "2026-10-03T01:13:29.635231+00:00", "timestamp_ms": 1790990009635, "event": "sample", "controller": "queue-scaler-6678bfc76f-tdbxc", "engine": "libreoffice", "queue": 10.0, "replicas": 1, "high_samples": 1}
{"timestamp": "2026-10-03T01:13:30.621599+00:00", "timestamp_ms": 1790990010621, "event": "sample", "controller": "queue-scaler-6678bfc76f-tdbxc", "engine": "chromium", "queue": 11.0, "replicas": 1, "high_samples": 2}
{"timestamp": "2026-10-03T01:13:30.631070+00:00", "timestamp_ms": 1790990010631, "event": "scale_up", "controller": "queue-scaler-6678bfc76f-tdbxc", "engine": "chromium", "queue": 11.0, "old_replicas": 1, "new_replicas": 2, "reason": "queue_threshold"}
{"timestamp": "2026-10-03T01:13:30.643188+00:00", "timestamp_ms": 1790990010643, "event": "sample", "controller": "queue-scaler-6678bfc76f-tdbxc", "engine": "libreoffice", "queue": 10.0, "replicas": 1, "high_samples": 2}
{"timestamp": "2026-10-03T01:13:30.654928+00:00", "timestamp_ms": 1790990010654, "event": "scale_up", "controller": "queue-scaler-6678bfc76f-tdbxc", "engine": "libreoffice", "queue": 10.0, "old_replicas": 1, "new_replicas": 2, "reason": "queue_threshold"}
{"timestamp": "2026-10-03T01:13:31.622510+00:00", "timestamp_ms": 1790990011622, "event": "sample", "controller": "queue-scaler-6678bfc76f-tdbxc", "engine": "chromium", "queue": 12.0, "replicas": 2, "high_samples": 1}
{"timestamp": "2026-10-03T01:13:31.637256+00:00", "timestamp_ms": 1790990011637, "event": "sample", "controller": "queue-scaler-6678bfc76f-tdbxc", "engine": "libreoffice", "queue": 11.0, "replicas": 2, "high_samples": 1}
{"timestamp": "2026-10-03T01:13:32.623250+00:00", "timestamp_ms": 1790990012623, "event": "sample", "controller": "queue-scaler-6678bfc76f-tdbxc", "engine": "chromium", "queue": 11.0, "replicas": 2, "high_samples": 2}
{"timestamp": "2026-10-03T01:13:32.634713+00:00", "timestamp_ms": 1790990012634, "event": "sample", "controller": "queue-scaler-6678bfc76f-tdbxc", "engine": "libreoffice", "queue": 10.0, "replicas": 2, "high_samples": 2}
{"timestamp": "2026-10-03T01:13:33.623861+00:00", "timestamp_ms": 1790990013623, "event": "sample", "controller": "queue-scaler-6678bfc76f-tdbxc", "engine": "chromium", "queue": 12.0, "replicas": 2, "high_samples": 3}
{"timestamp": "2026-10-03T01:13:33.633936+00:00", "timestamp_ms": 1790990013633, "event": "sample", "controller": "queue-scaler-6678bfc76f-tdbxc", "engine": "libreoffice", "queue": 12.0, "replicas": 2, "high_samples": 3}
{"timestamp": "2026-10-03T01:13:34.621199+00:00", "timestamp_ms": 1790990014621, "event": "sample", "controller": "queue-scaler-6678bfc76f-tdbxc", "engine": "chromium", "queue": 0.0, "replicas": 2, "high_samples": 0}
{"timestamp": "2026-10-03T01:13:34.630891+00:00", "timestamp_ms": 1790990014630, "event": "sample", "controller": "queue-scaler-6678bfc76f-tdbxc", "engine": "libreoffice", "queue": 0.0, "replicas": 2, "high_samples": 0}
{"timestamp": "2026-10-03T01:13:35.625733+00:00", "timestamp_ms": 1790990015625, "event": "sample", "controller": "queue-scaler-6678bfc76f-tdbxc", "engine": "chromium", "queue": 11.0, "replicas": 2, "high_samples": 1}
{"timestamp": "2026-10-03T01:13:35.642198+00:00", "timestamp_ms": 1790990015642, "event": "sample", "controller": "queue-scaler-6678bfc76f-tdbxc", "engine": "libreoffice", "queue": 12.0, "replicas": 2, "high_samples": 1}
{"timestamp": "2026-10-03T01:13:36.624643+00:00", "timestamp_ms": 1790990016624, "event": "sample", "controller": "queue-scaler-6678bfc76f-tdbxc", "engine": "chromium", "queue": 0.0, "replicas": 2, "high_samples": 0}
{"timestamp": "2026-10-03T01:13:36.633951+00:00", "timestamp_ms": 1790990016633, "event": "sample", "controller": "queue-scaler-6678bfc76f-tdbxc", "engine": "libreoffice", "queue": 0.0, "replicas": 2, "high_samples": 0}
{"timestamp": "2026-10-03T01:13:37.629307+00:00", "timestamp_ms": 1790990017629, "event": "sample", "controller": "queue-scaler-6678bfc76f-tdbxc", "engine": "chromium", "queue": 11.0, "replicas": 2, "high_samples": 1}
{"timestamp": "2026-10-03T01:13:37.641048+00:00", "timestamp_ms": 1790990017641, "event": "sample", "controller": "queue-scaler-6678bfc76f-tdbxc", "engine": "libreoffice", "queue": 11.0, "replicas": 2, "high_samples": 1}
{"timestamp": "2026-10-03T01:13:38.622380+00:00", "timestamp_ms": 1790990018622, "event": "sample", "controller": "queue-scaler-6678bfc76f-tdbxc", "engine": "chromium", "queue": 0.0, "replicas": 2, "high_samples": 0}
{"timestamp": "2026-10-03T01:13:38.633695+00:00", "timestamp_ms": 1790990018633, "event": "sample", "controller": "queue-scaler-6678bfc76f-tdbxc", "engine": "libreoffice", "queue": 0.0, "replicas": 2, "high_samples": 0}
{"timestamp": "2026-10-03T01:13:39.621214+00:00", "timestamp_ms": 1790990019621, "event": "sample", "controller": "queue-scaler-6678bfc76f-tdbxc", "engine": "chromium", "queue": 0.0, "replicas": 2, "high_samples": 0}
{"timestamp": "2026-10-03T01:13:39.631996+00:00", "timestamp_ms": 1790990019632, "event": "sample", "controller": "queue-scaler-6678bfc76f-tdbxc", "engine": "libreoffice", "queue": 0.0, "replicas": 2, "high_samples": 0}
{"timestamp": "2026-10-03T01:13:40.623896+00:00", "timestamp_ms": 1790990020623, "event": "sample", "controller": "queue-scaler-6678bfc76f-tdbxc", "engine": "chromium", "queue": 0.0, "replicas": 2, "high_samples": 0}
{"timestamp": "2026-10-03T01:13:40.633613+00:00", "timestamp_ms": 1790990020633, "event": "sample", "controller": "queue-scaler-6678bfc76f-tdbxc", "engine": "libreoffice", "queue": 11.0, "replicas": 2, "high_samples": 1}
{"timestamp": "2026-10-03T01:13:41.622949+00:00", "timestamp_ms": 1790990021622, "event": "sample", "controller": "queue-scaler-6678bfc76f-tdbxc", "engine": "chromium", "queue": 0.0, "replicas": 2, "high_samples": 0}
{"timestamp": "2026-10-03T01:13:41.633706+00:00", "timestamp_ms": 1790990021633, "event": "sample", "controller": "queue-scaler-6678bfc76f-tdbxc", "engine": "libreoffice", "queue": 0.0, "replicas": 2, "high_samples": 0}
{"timestamp": "2026-10-03T01:13:42.624119+00:00", "timestamp_ms": 1790990022624, "event": "sample", "controller": "queue-scaler-6678bfc76f-tdbxc", "engine": "chromium", "queue": 0.0, "replicas": 2, "high_samples": 0}
{"timestamp": "2026-10-03T01:13:42.638136+00:00", "timestamp_ms": 1790990022638, "event": "sample", "controller": "queue-scaler-6678bfc76f-tdbxc", "engine": "libreoffice", "queue": 10.0, "replicas": 2, "high_samples": 1}
{"timestamp": "2026-10-03T01:13:43.627472+00:00", "timestamp_ms": 1790990023627, "event": "sample", "controller": "queue-scaler-6678bfc76f-tdbxc", "engine": "chromium", "queue": 0.0, "replicas": 2, "high_samples": 0}
{"timestamp": "2026-10-03T01:13:43.643094+00:00", "timestamp_ms": 1790990023643, "event": "sample", "controller": "queue-scaler-6678bfc76f-tdbxc", "engine": "libreoffice", "queue": 10.0, "replicas": 2, "high_samples": 2}
{"timestamp": "2026-10-03T01:13:44.647440+00:00", "timestamp_ms": 1790990024647, "event": "sample", "controller": "queue-scaler-6678bfc76f-tdbxc", "engine": "chromium", "queue": 11.0, "replicas": 2, "high_samples": 1}
{"timestamp": "2026-10-03T01:13:44.663833+00:00", "timestamp_ms": 1790990024663, "event": "sample", "controller": "queue-scaler-6678bfc76f-tdbxc", "engine": "libreoffice", "queue": 11.0, "replicas": 2, "high_samples": 3}
{"timestamp": "2026-10-03T01:13:45.626630+00:00", "timestamp_ms": 1790990025626, "event": "sample", "controller": "queue-scaler-6678bfc76f-tdbxc", "engine": "chromium", "queue": 1.0, "replicas": 2, "high_samples": 0}
{"timestamp": "2026-10-03T01:13:45.648534+00:00", "timestamp_ms": 1790990025648, "event": "sample", "controller": "queue-scaler-6678bfc76f-tdbxc", "engine": "libreoffice", "queue": 11.0, "replicas": 2, "high_samples": 4}
{"timestamp": "2026-10-03T01:13:46.634505+00:00", "timestamp_ms": 1790990026634, "event": "sample", "controller": "queue-scaler-6678bfc76f-tdbxc", "engine": "chromium", "queue": 12.0, "replicas": 2, "high_samples": 1}
{"timestamp": "2026-10-03T01:13:46.647097+00:00", "timestamp_ms": 1790990026647, "event": "sample", "controller": "queue-scaler-6678bfc76f-tdbxc", "engine": "libreoffice", "queue": 1.0, "replicas": 2, "high_samples": 0}
{"timestamp": "2026-10-03T01:13:47.625790+00:00", "timestamp_ms": 1790990027625, "event": "sample", "controller": "queue-scaler-6678bfc76f-tdbxc", "engine": "chromium", "queue": 12.0, "replicas": 2, "high_samples": 2}
{"timestamp": "2026-10-03T01:13:47.636671+00:00", "timestamp_ms": 1790990027636, "event": "sample", "controller": "queue-scaler-6678bfc76f-tdbxc", "engine": "libreoffice", "queue": 0.0, "replicas": 2, "high_samples": 0}
{"timestamp": "2026-10-03T01:13:48.621775+00:00", "timestamp_ms": 1790990028621, "event": "sample", "controller": "queue-scaler-6678bfc76f-tdbxc", "engine": "chromium", "queue": 0.0, "replicas": 2, "high_samples": 0}
{"timestamp": "2026-10-03T01:13:48.635577+00:00", "timestamp_ms": 1790990028635, "event": "sample", "controller": "queue-scaler-6678bfc76f-tdbxc", "engine": "libreoffice", "queue": 11.0, "replicas": 2, "high_samples": 1}
{"timestamp": "2026-10-03T01:13:49.624900+00:00", "timestamp_ms": 1790990029624, "event": "sample", "controller": "queue-scaler-6678bfc76f-tdbxc", "engine": "chromium", "queue": 11.0, "replicas": 2, "high_samples": 1}
{"timestamp": "2026-10-03T01:13:49.636372+00:00", "timestamp_ms": 1790990029636, "event": "sample", "controller": "queue-scaler-6678bfc76f-tdbxc", "engine": "libreoffice", "queue": 11.0, "replicas": 2, "high_samples": 2}
{"timestamp": "2026-10-03T01:13:50.633571+00:00", "timestamp_ms": 1790990030633, "event": "sample", "controller": "queue-scaler-6678bfc76f-tdbxc", "engine": "chromium", "queue": 9.0, "replicas": 2, "high_samples": 2}
{"timestamp": "2026-10-03T01:13:50.646818+00:00", "timestamp_ms": 1790990030646, "event": "sample", "controller": "queue-scaler-6678bfc76f-tdbxc", "engine": "libreoffice", "queue": 9.0, "replicas": 2, "high_samples": 3}
{"timestamp": "2026-10-03T01:13:51.625221+00:00", "timestamp_ms": 1790990031625, "event": "sample", "controller": "queue-scaler-6678bfc76f-tdbxc", "engine": "chromium", "queue": 0.0, "replicas": 2, "high_samples": 0}
{"timestamp": "2026-10-03T01:13:51.644309+00:00", "timestamp_ms": 1790990031644, "event": "sample", "controller": "queue-scaler-6678bfc76f-tdbxc", "engine": "libreoffice", "queue": 11.0, "replicas": 2, "high_samples": 4}
{"timestamp": "2026-10-03T01:13:52.625139+00:00", "timestamp_ms": 1790990032625, "event": "sample", "controller": "queue-scaler-6678bfc76f-tdbxc", "engine": "chromium", "queue": 0.0, "replicas": 2, "high_samples": 0}
{"timestamp": "2026-10-03T01:13:52.638514+00:00", "timestamp_ms": 1790990032638, "event": "sample", "controller": "queue-scaler-6678bfc76f-tdbxc", "engine": "libreoffice", "queue": 1.0, "replicas": 2, "high_samples": 0}
{"timestamp": "2026-10-03T01:13:53.634582+00:00", "timestamp_ms": 1790990033634, "event": "sample", "controller": "queue-scaler-6678bfc76f-tdbxc", "engine": "chromium", "queue": 10.0, "replicas": 2, "high_samples": 1}
{"timestamp": "2026-10-03T01:13:53.653639+00:00", "timestamp_ms": 1790990033653, "event": "sample", "controller": "queue-scaler-6678bfc76f-tdbxc", "engine": "libreoffice", "queue": 7.0, "replicas": 2, "high_samples": 1}
{"timestamp": "2026-10-03T01:13:54.623224+00:00", "timestamp_ms": 1790990034623, "event": "sample", "controller": "queue-scaler-6678bfc76f-tdbxc", "engine": "chromium", "queue": 0.0, "replicas": 2, "high_samples": 0}
{"timestamp": "2026-10-03T01:13:54.634452+00:00", "timestamp_ms": 1790990034634, "event": "sample", "controller": "queue-scaler-6678bfc76f-tdbxc", "engine": "libreoffice", "queue": 0.0, "replicas": 2, "high_samples": 0}
{"timestamp": "2026-10-03T01:13:55.624026+00:00", "timestamp_ms": 1790990035624, "event": "sample", "controller": "queue-scaler-6678bfc76f-tdbxc", "engine": "chromium", "queue": 0.0, "replicas": 2, "high_samples": 0}
{"timestamp": "2026-10-03T01:13:55.634846+00:00", "timestamp_ms": 1790990035634, "event": "sample", "controller": "queue-scaler-6678bfc76f-tdbxc", "engine": "libreoffice", "queue": 0.0, "replicas": 2, "high_samples": 0}
{"timestamp": "2026-10-03T01:13:56.625893+00:00", "timestamp_ms": 1790990036625, "event": "sample", "controller": "queue-scaler-6678bfc76f-tdbxc", "engine": "chromium", "queue": 0.0, "replicas": 2, "high_samples": 0}
{"timestamp": "2026-10-03T01:13:56.637560+00:00", "timestamp_ms": 1790990036637, "event": "sample", "controller": "queue-scaler-6678bfc76f-tdbxc", "engine": "libreoffice", "queue": 2.0, "replicas": 2, "high_samples": 1}
{"timestamp": "2026-10-03T01:13:57.625580+00:00", "timestamp_ms": 1790990037625, "event": "sample", "controller": "queue-scaler-6678bfc76f-tdbxc", "engine": "chromium", "queue": 0.0, "replicas": 2, "high_samples": 0}
{"timestamp": "2026-10-03T01:13:57.635602+00:00", "timestamp_ms": 1790990037635, "event": "sample", "controller": "queue-scaler-6678bfc76f-tdbxc", "engine": "libreoffice", "queue": 10.0, "replicas": 2, "high_samples": 2}
{"timestamp": "2026-10-03T01:13:58.643850+00:00", "timestamp_ms": 1790990038643, "event": "sample", "controller": "queue-scaler-6678bfc76f-tdbxc", "engine": "chromium", "queue": 12.0, "replicas": 2, "high_samples": 1}
{"timestamp": "2026-10-03T01:13:58.657570+00:00", "timestamp_ms": 1790990038657, "event": "sample", "controller": "queue-scaler-6678bfc76f-tdbxc", "engine": "libreoffice", "queue": 6.0, "replicas": 2, "high_samples": 3}
{"timestamp": "2026-10-03T01:13:59.623678+00:00", "timestamp_ms": 1790990039623, "event": "sample", "controller": "queue-scaler-6678bfc76f-tdbxc", "engine": "chromium", "queue": 11.0, "replicas": 2, "high_samples": 2}
{"timestamp": "2026-10-03T01:13:59.632706+00:00", "timestamp_ms": 1790990039632, "event": "sample", "controller": "queue-scaler-6678bfc76f-tdbxc", "engine": "libreoffice", "queue": 0.0, "replicas": 2, "high_samples": 0}
{"timestamp": "2026-10-03T01:14:00.624858+00:00", "timestamp_ms": 1790990040624, "event": "sample", "controller": "queue-scaler-6678bfc76f-tdbxc", "engine": "chromium", "queue": 0.0, "replicas": 2, "high_samples": 0}
{"timestamp": "2026-10-03T01:14:00.636184+00:00", "timestamp_ms": 1790990040636, "event": "sample", "controller": "queue-scaler-6678bfc76f-tdbxc", "engine": "libreoffice", "queue": 9.0, "replicas": 2, "high_samples": 1}
{"timestamp": "2026-10-03T01:14:01.631766+00:00", "timestamp_ms": 1790990041631, "event": "sample", "controller": "queue-scaler-6678bfc76f-tdbxc", "engine": "chromium", "queue": 12.0, "replicas": 2, "high_samples": 1}
{"timestamp": "2026-10-03T01:14:01.645179+00:00", "timestamp_ms": 1790990041645, "event": "sample", "controller": "queue-scaler-6678bfc76f-tdbxc", "engine": "libreoffice", "queue": 10.0, "replicas": 2, "high_samples": 2}
{"timestamp": "2026-10-03T01:14:02.624324+00:00", "timestamp_ms": 1790990042624, "event": "sample", "controller": "queue-scaler-6678bfc76f-tdbxc", "engine": "chromium", "queue": 10.0, "replicas": 2, "high_samples": 2}
{"timestamp": "2026-10-03T01:14:02.635827+00:00", "timestamp_ms": 1790990042635, "event": "sample", "controller": "queue-scaler-6678bfc76f-tdbxc", "engine": "libreoffice", "queue": 0.0, "replicas": 2, "high_samples": 0}
{"timestamp": "2026-10-03T01:14:03.629017+00:00", "timestamp_ms": 1790990043629, "event": "sample", "controller": "queue-scaler-6678bfc76f-tdbxc", "engine": "chromium", "queue": 12.0, "replicas": 2, "high_samples": 3}
{"timestamp": "2026-10-03T01:14:03.638678+00:00", "timestamp_ms": 1790990043638, "event": "sample", "controller": "queue-scaler-6678bfc76f-tdbxc", "engine": "libreoffice", "queue": 0.0, "replicas": 2, "high_samples": 0}
{"timestamp": "2026-10-03T01:14:04.625764+00:00", "timestamp_ms": 1790990044625, "event": "sample", "controller": "queue-scaler-6678bfc76f-tdbxc", "engine": "chromium", "queue": 0.0, "replicas": 2, "high_samples": 0}
{"timestamp": "2026-10-03T01:14:04.640255+00:00", "timestamp_ms": 1790990044640, "event": "sample", "controller": "queue-scaler-6678bfc76f-tdbxc", "engine": "libreoffice", "queue": 12.0, "replicas": 2, "high_samples": 1}
{"timestamp": "2026-10-03T01:14:05.627766+00:00", "timestamp_ms": 1790990045627, "event": "sample", "controller": "queue-scaler-6678bfc76f-tdbxc", "engine": "chromium", "queue": 12.0, "replicas": 2, "high_samples": 1}
{"timestamp": "2026-10-03T01:14:05.644466+00:00", "timestamp_ms": 1790990045644, "event": "sample", "controller": "queue-scaler-6678bfc76f-tdbxc", "engine": "libreoffice", "queue": 0.0, "replicas": 2, "high_samples": 0}
{"timestamp": "2026-10-03T01:14:06.625846+00:00", "timestamp_ms": 1790990046625, "event": "sample", "controller": "queue-scaler-6678bfc76f-tdbxc", "engine": "chromium", "queue": 0.0, "replicas": 2, "high_samples": 0}
{"timestamp": "2026-10-03T01:14:06.636791+00:00", "timestamp_ms": 1790990046636, "event": "sample", "controller": "queue-scaler-6678bfc76f-tdbxc", "engine": "libreoffice", "queue": 0.0, "replicas": 2, "high_samples": 0}
{"timestamp": "2026-10-03T01:14:07.624817+00:00", "timestamp_ms": 1790990047624, "event": "sample", "controller": "queue-scaler-6678bfc76f-tdbxc", "engine": "chromium", "queue": 10.0, "replicas": 2, "high_samples": 1}
{"timestamp": "2026-10-03T01:14:07.636113+00:00", "timestamp_ms": 1790990047636, "event": "sample", "controller": "queue-scaler-6678bfc76f-tdbxc", "engine": "libreoffice", "queue": 10.0, "replicas": 2, "high_samples": 1}
{"timestamp": "2026-10-03T01:14:08.631469+00:00", "timestamp_ms": 1790990048631, "event": "sample", "controller": "queue-scaler-6678bfc76f-tdbxc", "engine": "chromium", "queue": 0.0, "replicas": 2, "high_samples": 0}
{"timestamp": "2026-10-03T01:14:08.642668+00:00", "timestamp_ms": 1790990048642, "event": "sample", "controller": "queue-scaler-6678bfc76f-tdbxc", "engine": "libreoffice", "queue": 0.0, "replicas": 2, "high_samples": 0}
{"timestamp": "2026-10-03T01:14:09.625105+00:00", "timestamp_ms": 1790990049625, "event": "sample", "controller": "queue-scaler-6678bfc76f-tdbxc", "engine": "chromium", "queue": 0.0, "replicas": 2, "high_samples": 0}
{"timestamp": "2026-10-03T01:14:09.637176+00:00", "timestamp_ms": 1790990049637, "event": "sample", "controller": "queue-scaler-6678bfc76f-tdbxc", "engine": "libreoffice", "queue": 10.0, "replicas": 2, "high_samples": 1}
{"timestamp": "2026-10-03T01:14:10.623718+00:00", "timestamp_ms": 1790990050623, "event": "sample", "controller": "queue-scaler-6678bfc76f-tdbxc", "engine": "chromium", "queue": 0.0, "replicas": 2, "high_samples": 0}
{"timestamp": "2026-10-03T01:14:10.635009+00:00", "timestamp_ms": 1790990050635, "event": "sample", "controller": "queue-scaler-6678bfc76f-tdbxc", "engine": "libreoffice", "queue": 11.0, "replicas": 2, "high_samples": 2}
{"timestamp": "2026-10-03T01:14:11.628941+00:00", "timestamp_ms": 1790990051628, "event": "sample", "controller": "queue-scaler-6678bfc76f-tdbxc", "engine": "chromium", "queue": 12.0, "replicas": 2, "high_samples": 1}
{"timestamp": "2026-10-03T01:14:11.643145+00:00", "timestamp_ms": 1790990051643, "event": "sample", "controller": "queue-scaler-6678bfc76f-tdbxc", "engine": "libreoffice", "queue": 0.0, "replicas": 2, "high_samples": 0}
{"timestamp": "2026-10-03T01:14:12.640393+00:00", "timestamp_ms": 1790990052640, "event": "sample", "controller": "queue-scaler-6678bfc76f-tdbxc", "engine": "chromium", "queue": 10.0, "replicas": 2, "high_samples": 2}
{"timestamp": "2026-10-03T01:14:12.651254+00:00", "timestamp_ms": 1790990052651, "event": "sample", "controller": "queue-scaler-6678bfc76f-tdbxc", "engine": "libreoffice", "queue": 0.0, "replicas": 2, "high_samples": 0}
{"timestamp": "2026-10-03T01:14:13.624516+00:00", "timestamp_ms": 1790990053624, "event": "sample", "controller": "queue-scaler-6678bfc76f-tdbxc", "engine": "chromium", "queue": 0.0, "replicas": 2, "high_samples": 0}
{"timestamp": "2026-10-03T01:14:13.640280+00:00", "timestamp_ms": 1790990053640, "event": "sample", "controller": "queue-scaler-6678bfc76f-tdbxc", "engine": "libreoffice", "queue": 11.0, "replicas": 2, "high_samples": 1}
{"timestamp": "2026-10-03T01:14:14.632042+00:00", "timestamp_ms": 1790990054632, "event": "sample", "controller": "queue-scaler-6678bfc76f-tdbxc", "engine": "chromium", "queue": 11.0, "replicas": 2, "high_samples": 1}
{"timestamp": "2026-10-03T01:14:14.642809+00:00", "timestamp_ms": 1790990054642, "event": "sample", "controller": "queue-scaler-6678bfc76f-tdbxc", "engine": "libreoffice", "queue": 10.0, "replicas": 2, "high_samples": 2}
{"timestamp": "2026-10-03T01:14:15.627409+00:00", "timestamp_ms": 1790990055627, "event": "sample", "controller": "queue-scaler-6678bfc76f-tdbxc", "engine": "chromium", "queue": 10.0, "replicas": 2, "high_samples": 2}
{"timestamp": "2026-10-03T01:14:15.637729+00:00", "timestamp_ms": 1790990055637, "event": "sample", "controller": "queue-scaler-6678bfc76f-tdbxc", "engine": "libreoffice", "queue": 0.0, "replicas": 2, "high_samples": 0}
{"timestamp": "2026-10-03T01:14:16.630014+00:00", "timestamp_ms": 1790990056630, "event": "sample", "controller": "queue-scaler-6678bfc76f-tdbxc", "engine": "chromium", "queue": 0.0, "replicas": 2, "high_samples": 0}
{"timestamp": "2026-10-03T01:14:16.641606+00:00", "timestamp_ms": 1790990056641, "event": "sample", "controller": "queue-scaler-6678bfc76f-tdbxc", "engine": "libreoffice", "queue": 0.0, "replicas": 2, "high_samples": 0}
{"timestamp": "2026-10-03T01:14:17.625472+00:00", "timestamp_ms": 1790990057625, "event": "sample", "controller": "queue-scaler-6678bfc76f-tdbxc", "engine": "chromium", "queue": 0.0, "replicas": 2, "high_samples": 0}
{"timestamp": "2026-10-03T01:14:17.642974+00:00", "timestamp_ms": 1790990057642, "event": "sample", "controller": "queue-scaler-6678bfc76f-tdbxc", "engine": "libreoffice", "queue": 9.0, "replicas": 2, "high_samples": 1}
{"timestamp": "2026-10-03T01:14:18.625213+00:00", "timestamp_ms": 1790990058625, "event": "sample", "controller": "queue-scaler-6678bfc76f-tdbxc", "engine": "chromium", "queue": 0.0, "replicas": 2, "high_samples": 0}
{"timestamp": "2026-10-03T01:14:18.638502+00:00", "timestamp_ms": 1790990058638, "event": "sample", "controller": "queue-scaler-6678bfc76f-tdbxc", "engine": "libreoffice", "queue": 9.0, "replicas": 2, "high_samples": 2}
{"timestamp": "2026-10-03T01:14:19.626251+00:00", "timestamp_ms": 1790990059626, "event": "sample", "controller": "queue-scaler-6678bfc76f-tdbxc", "engine": "chromium", "queue": 0.0, "replicas": 2, "high_samples": 0}
{"timestamp": "2026-10-03T01:14:19.637530+00:00", "timestamp_ms": 1790990059637, "event": "sample", "controller": "queue-scaler-6678bfc76f-tdbxc", "engine": "libreoffice", "queue": 7.0, "replicas": 2, "high_samples": 3}
{"timestamp": "2026-10-03T01:14:20.624989+00:00", "timestamp_ms": 1790990060625, "event": "sample", "controller": "queue-scaler-6678bfc76f-tdbxc", "engine": "chromium", "queue": 0.0, "replicas": 2, "high_samples": 0}
{"timestamp": "2026-10-03T01:14:20.634372+00:00", "timestamp_ms": 1790990060634, "event": "sample", "controller": "queue-scaler-6678bfc76f-tdbxc", "engine": "libreoffice", "queue": 1.0, "replicas": 2, "high_samples": 0}
{"timestamp": "2026-10-03T01:14:21.632262+00:00", "timestamp_ms": 1790990061632, "event": "sample", "controller": "queue-scaler-6678bfc76f-tdbxc", "engine": "chromium", "queue": 0.0, "replicas": 2, "high_samples": 0}
{"timestamp": "2026-10-03T01:14:21.643380+00:00", "timestamp_ms": 1790990061643, "event": "sample", "controller": "queue-scaler-6678bfc76f-tdbxc", "engine": "libreoffice", "queue": 0.0, "replicas": 2, "high_samples": 0}
{"timestamp": "2026-10-03T01:14:22.627896+00:00", "timestamp_ms": 1790990062627, "event": "sample", "controller": "queue-scaler-6678bfc76f-tdbxc", "engine": "chromium", "queue": 11.0, "replicas": 2, "high_samples": 1}
{"timestamp": "2026-10-03T01:14:22.640216+00:00", "timestamp_ms": 1790990062640, "event": "sample", "controller": "queue-scaler-6678bfc76f-tdbxc", "engine": "libreoffice", "queue": 10.0, "replicas": 2, "high_samples": 1}
{"timestamp": "2026-10-03T01:14:23.632321+00:00", "timestamp_ms": 1790990063632, "event": "sample", "controller": "queue-scaler-6678bfc76f-tdbxc", "engine": "chromium", "queue": 0.0, "replicas": 2, "high_samples": 0}
{"timestamp": "2026-10-03T01:14:23.649672+00:00", "timestamp_ms": 1790990063649, "event": "sample", "controller": "queue-scaler-6678bfc76f-tdbxc", "engine": "libreoffice", "queue": 0.0, "replicas": 2, "high_samples": 0}
{"timestamp": "2026-10-03T01:14:24.629851+00:00", "timestamp_ms": 1790990064629, "event": "sample", "controller": "queue-scaler-6678bfc76f-tdbxc", "engine": "chromium", "queue": 0.0, "replicas": 2, "high_samples": 0}
{"timestamp": "2026-10-03T01:14:24.640519+00:00", "timestamp_ms": 1790990064640, "event": "sample", "controller": "queue-scaler-6678bfc76f-tdbxc", "engine": "libreoffice", "queue": 0.0, "replicas": 2, "high_samples": 0}
{"timestamp": "2026-10-03T01:14:25.626407+00:00", "timestamp_ms": 1790990065626, "event": "sample", "controller": "queue-scaler-6678bfc76f-tdbxc", "engine": "chromium", "queue": 0.0, "replicas": 2, "high_samples": 0}
{"timestamp": "2026-10-03T01:14:25.636391+00:00", "timestamp_ms": 1790990065636, "event": "sample", "controller": "queue-scaler-6678bfc76f-tdbxc", "engine": "libreoffice", "queue": 11.0, "replicas": 2, "high_samples": 1}
{"timestamp": "2026-10-03T01:14:26.624904+00:00", "timestamp_ms": 1790990066624, "event": "sample", "controller": "queue-scaler-6678bfc76f-tdbxc", "engine": "chromium", "queue": 0.0, "replicas": 2, "high_samples": 0}
{"timestamp": "2026-10-03T01:14:26.634080+00:00", "timestamp_ms": 1790990066634, "event": "sample", "controller": "queue-scaler-6678bfc76f-tdbxc", "engine": "libreoffice", "queue": 0.0, "replicas": 2, "high_samples": 0}
{"timestamp": "2026-10-03T01:14:27.632277+00:00", "timestamp_ms": 1790990067632, "event": "sample", "controller": "queue-scaler-6678bfc76f-tdbxc", "engine": "chromium", "queue": 11.0, "replicas": 2, "high_samples": 1}
{"timestamp": "2026-10-03T01:14:27.647300+00:00", "timestamp_ms": 1790990067647, "event": "sample", "controller": "queue-scaler-6678bfc76f-tdbxc", "engine": "libreoffice", "queue": 11.0, "replicas": 2, "high_samples": 1}
{"timestamp": "2026-10-03T01:14:28.643964+00:00", "timestamp_ms": 1790990068643, "event": "sample", "controller": "queue-scaler-6678bfc76f-tdbxc", "engine": "chromium", "queue": 0.0, "replicas": 2, "high_samples": 0}
{"timestamp": "2026-10-03T01:14:28.668640+00:00", "timestamp_ms": 1790990068668, "event": "sample", "controller": "queue-scaler-6678bfc76f-tdbxc", "engine": "libreoffice", "queue": 10.0, "replicas": 2, "high_samples": 2}
{"timestamp": "2026-10-03T01:14:29.634690+00:00", "timestamp_ms": 1790990069634, "event": "sample", "controller": "queue-scaler-6678bfc76f-tdbxc", "engine": "chromium", "queue": 0.0, "replicas": 2, "high_samples": 0}
{"timestamp": "2026-10-03T01:14:29.659430+00:00", "timestamp_ms": 1790990069659, "event": "sample", "controller": "queue-scaler-6678bfc76f-tdbxc", "engine": "libreoffice", "queue": 9.0, "replicas": 2, "high_samples": 3}
{"timestamp": "2026-10-03T01:14:30.629475+00:00", "timestamp_ms": 1790990070629, "event": "sample", "controller": "queue-scaler-6678bfc76f-tdbxc", "engine": "chromium", "queue": 11.0, "replicas": 2, "high_samples": 1}
{"timestamp": "2026-10-03T01:14:30.640272+00:00", "timestamp_ms": 1790990070640, "event": "sample", "controller": "queue-scaler-6678bfc76f-tdbxc", "engine": "libreoffice", "queue": 1.0, "replicas": 2, "high_samples": 0}
{"timestamp": "2026-10-03T01:14:31.636084+00:00", "timestamp_ms": 1790990071636, "event": "sample", "controller": "queue-scaler-6678bfc76f-tdbxc", "engine": "chromium", "queue": 11.0, "replicas": 2, "high_samples": 2}
{"timestamp": "2026-10-03T01:14:31.645827+00:00", "timestamp_ms": 1790990071645, "event": "sample", "controller": "queue-scaler-6678bfc76f-tdbxc", "engine": "libreoffice", "queue": 10.0, "replicas": 2, "high_samples": 1}
{"timestamp": "2026-10-03T01:14:32.630977+00:00", "timestamp_ms": 1790990072630, "event": "sample", "controller": "queue-scaler-6678bfc76f-tdbxc", "engine": "chromium", "queue": 0.0, "replicas": 2, "high_samples": 0}
{"timestamp": "2026-10-03T01:14:32.661570+00:00", "timestamp_ms": 1790990072661, "event": "sample", "controller": "queue-scaler-6678bfc76f-tdbxc", "engine": "libreoffice", "queue": 1.0, "replicas": 2, "high_samples": 0}
{"timestamp": "2026-10-03T01:14:33.635811+00:00", "timestamp_ms": 1790990073635, "event": "sample", "controller": "queue-scaler-6678bfc76f-tdbxc", "engine": "chromium", "queue": 9.0, "replicas": 2, "high_samples": 1}
{"timestamp": "2026-10-03T01:14:33.647308+00:00", "timestamp_ms": 1790990073647, "event": "sample", "controller": "queue-scaler-6678bfc76f-tdbxc", "engine": "libreoffice", "queue": 0.0, "replicas": 2, "high_samples": 0}
{"timestamp": "2026-10-03T01:14:34.634542+00:00", "timestamp_ms": 1790990074634, "event": "sample", "controller": "queue-scaler-6678bfc76f-tdbxc", "engine": "chromium", "queue": 11.0, "replicas": 2, "high_samples": 2}
{"timestamp": "2026-10-03T01:14:34.650454+00:00", "timestamp_ms": 1790990074650, "event": "sample", "controller": "queue-scaler-6678bfc76f-tdbxc", "engine": "libreoffice", "queue": 10.0, "replicas": 2, "high_samples": 1}
{"timestamp": "2026-10-03T01:14:35.635466+00:00", "timestamp_ms": 1790990075635, "event": "sample", "controller": "queue-scaler-6678bfc76f-tdbxc", "engine": "chromium", "queue": 0.0, "replicas": 2, "high_samples": 0}
{"timestamp": "2026-10-03T01:14:35.649479+00:00", "timestamp_ms": 1790990075649, "event": "sample", "controller": "queue-scaler-6678bfc76f-tdbxc", "engine": "libreoffice", "queue": 1.0, "replicas": 2, "high_samples": 0}
{"timestamp": "2026-10-03T01:14:36.637253+00:00", "timestamp_ms": 1790990076637, "event": "sample", "controller": "queue-scaler-6678bfc76f-tdbxc", "engine": "chromium", "queue": 0.0, "replicas": 2, "high_samples": 0}
{"timestamp": "2026-10-03T01:14:36.668789+00:00", "timestamp_ms": 1790990076668, "event": "sample", "controller": "queue-scaler-6678bfc76f-tdbxc", "engine": "libreoffice", "queue": 9.0, "replicas": 2, "high_samples": 1}
{"timestamp": "2026-10-03T01:14:37.634122+00:00", "timestamp_ms": 1790990077634, "event": "sample", "controller": "queue-scaler-6678bfc76f-tdbxc", "engine": "chromium", "queue": 0.0, "replicas": 2, "high_samples": 0}
{"timestamp": "2026-10-03T01:14:37.643813+00:00", "timestamp_ms": 1790990077643, "event": "sample", "controller": "queue-scaler-6678bfc76f-tdbxc", "engine": "libreoffice", "queue": 1.0, "replicas": 2, "high_samples": 0}
{"timestamp": "2026-10-03T01:14:38.634719+00:00", "timestamp_ms": 1790990078634, "event": "sample", "controller": "queue-scaler-6678bfc76f-tdbxc", "engine": "chromium", "queue": 12.0, "replicas": 2, "high_samples": 1}
{"timestamp": "2026-10-03T01:14:38.646127+00:00", "timestamp_ms": 1790990078646, "event": "sample", "controller": "queue-scaler-6678bfc76f-tdbxc", "engine": "libreoffice", "queue": 1.0, "replicas": 2, "high_samples": 0}
{"timestamp": "2026-10-03T01:14:39.631099+00:00", "timestamp_ms": 1790990079631, "event": "sample", "controller": "queue-scaler-6678bfc76f-tdbxc", "engine": "chromium", "queue": 12.0, "replicas": 2, "high_samples": 2}
{"timestamp": "2026-10-03T01:14:39.642358+00:00", "timestamp_ms": 1790990079642, "event": "sample", "controller": "queue-scaler-6678bfc76f-tdbxc", "engine": "libreoffice", "queue": 11.0, "replicas": 2, "high_samples": 1}
{"timestamp": "2026-10-03T01:14:40.631257+00:00", "timestamp_ms": 1790990080631, "event": "sample", "controller": "queue-scaler-6678bfc76f-tdbxc", "engine": "chromium", "queue": 0.0, "replicas": 2, "high_samples": 0}
{"timestamp": "2026-10-03T01:14:40.642136+00:00", "timestamp_ms": 1790990080642, "event": "sample", "controller": "queue-scaler-6678bfc76f-tdbxc", "engine": "libreoffice", "queue": 0.0, "replicas": 2, "high_samples": 0}
{"timestamp": "2026-10-03T01:14:41.633584+00:00", "timestamp_ms": 1790990081633, "event": "sample", "controller": "queue-scaler-6678bfc76f-tdbxc", "engine": "chromium", "queue": 0.0, "replicas": 2, "high_samples": 0}
{"timestamp": "2026-10-03T01:14:41.654992+00:00", "timestamp_ms": 1790990081655, "event": "sample", "controller": "queue-scaler-6678bfc76f-tdbxc", "engine": "libreoffice", "queue": 9.0, "replicas": 2, "high_samples": 1}
{"timestamp": "2026-10-03T01:14:42.640707+00:00", "timestamp_ms": 1790990082640, "event": "sample", "controller": "queue-scaler-6678bfc76f-tdbxc", "engine": "chromium", "queue": 0.0, "replicas": 2, "high_samples": 0}
{"timestamp": "2026-10-03T01:14:42.667469+00:00", "timestamp_ms": 1790990082667, "event": "sample", "controller": "queue-scaler-6678bfc76f-tdbxc", "engine": "libreoffice", "queue": 1.0, "replicas": 2, "high_samples": 0}
{"timestamp": "2026-10-03T01:14:43.653001+00:00", "timestamp_ms": 1790990083653, "event": "sample", "controller": "queue-scaler-6678bfc76f-tdbxc", "engine": "chromium", "queue": 12.0, "replicas": 2, "high_samples": 1}
{"timestamp": "2026-10-03T01:14:43.666067+00:00", "timestamp_ms": 1790990083666, "event": "sample", "controller": "queue-scaler-6678bfc76f-tdbxc", "engine": "libreoffice", "queue": 2.0, "replicas": 2, "high_samples": 1}
{"timestamp": "2026-10-03T01:14:44.642709+00:00", "timestamp_ms": 1790990084642, "event": "sample", "controller": "queue-scaler-6678bfc76f-tdbxc", "engine": "chromium", "queue": 12.0, "replicas": 2, "high_samples": 2}
{"timestamp": "2026-10-03T01:14:44.656179+00:00", "timestamp_ms": 1790990084656, "event": "sample", "controller": "queue-scaler-6678bfc76f-tdbxc", "engine": "libreoffice", "queue": 9.0, "replicas": 2, "high_samples": 2}
{"timestamp": "2026-10-03T01:14:45.632434+00:00", "timestamp_ms": 1790990085632, "event": "sample", "controller": "queue-scaler-6678bfc76f-tdbxc", "engine": "chromium", "queue": 12.0, "replicas": 2, "high_samples": 3}
{"timestamp": "2026-10-03T01:14:45.644743+00:00", "timestamp_ms": 1790990085644, "event": "sample", "controller": "queue-scaler-6678bfc76f-tdbxc", "engine": "libreoffice", "queue": 8.0, "replicas": 2, "high_samples": 3}
{"timestamp": "2026-10-03T01:14:46.632191+00:00", "timestamp_ms": 1790990086632, "event": "sample", "controller": "queue-scaler-6678bfc76f-tdbxc", "engine": "chromium", "queue": 0.0, "replicas": 2, "high_samples": 0}
{"timestamp": "2026-10-03T01:14:46.641523+00:00", "timestamp_ms": 1790990086641, "event": "sample", "controller": "queue-scaler-6678bfc76f-tdbxc", "engine": "libreoffice", "queue": 0.0, "replicas": 2, "high_samples": 0}
{"timestamp": "2026-10-03T01:14:47.634530+00:00", "timestamp_ms": 1790990087634, "event": "sample", "controller": "queue-scaler-6678bfc76f-tdbxc", "engine": "chromium", "queue": 0.0, "replicas": 2, "high_samples": 0}
{"timestamp": "2026-10-03T01:14:47.646033+00:00", "timestamp_ms": 1790990087646, "event": "sample", "controller": "queue-scaler-6678bfc76f-tdbxc", "engine": "libreoffice", "queue": 10.0, "replicas": 2, "high_samples": 1}
{"timestamp": "2026-10-03T01:14:48.632981+00:00", "timestamp_ms": 1790990088632, "event": "sample", "controller": "queue-scaler-6678bfc76f-tdbxc", "engine": "chromium", "queue": 0.0, "replicas": 2, "high_samples": 0}
{"timestamp": "2026-10-03T01:14:48.652138+00:00", "timestamp_ms": 1790990088652, "event": "sample", "controller": "queue-scaler-6678bfc76f-tdbxc", "engine": "libreoffice", "queue": 10.0, "replicas": 2, "high_samples": 2}
{"timestamp": "2026-10-03T01:14:49.630785+00:00", "timestamp_ms": 1790990089630, "event": "sample", "controller": "queue-scaler-6678bfc76f-tdbxc", "engine": "chromium", "queue": 0.0, "replicas": 2, "high_samples": 0}
{"timestamp": "2026-10-03T01:14:49.642073+00:00", "timestamp_ms": 1790990089642, "event": "sample", "controller": "queue-scaler-6678bfc76f-tdbxc", "engine": "libreoffice", "queue": 10.0, "replicas": 2, "high_samples": 3}
{"timestamp": "2026-10-03T01:14:50.639639+00:00", "timestamp_ms": 1790990090639, "event": "sample", "controller": "queue-scaler-6678bfc76f-tdbxc", "engine": "chromium", "queue": 10.0, "replicas": 2, "high_samples": 1}
{"timestamp": "2026-10-03T01:14:50.661065+00:00", "timestamp_ms": 1790990090661, "event": "sample", "controller": "queue-scaler-6678bfc76f-tdbxc", "engine": "libreoffice", "queue": 0.0, "replicas": 2, "high_samples": 0}
{"timestamp": "2026-10-03T01:14:51.634942+00:00", "timestamp_ms": 1790990091634, "event": "sample", "controller": "queue-scaler-6678bfc76f-tdbxc", "engine": "chromium", "queue": 11.0, "replicas": 2, "high_samples": 2}
{"timestamp": "2026-10-03T01:14:51.646112+00:00", "timestamp_ms": 1790990091646, "event": "sample", "controller": "queue-scaler-6678bfc76f-tdbxc", "engine": "libreoffice", "queue": 0.0, "replicas": 2, "high_samples": 0}
{"timestamp": "2026-10-03T01:14:52.635064+00:00", "timestamp_ms": 1790990092635, "event": "sample", "controller": "queue-scaler-6678bfc76f-tdbxc", "engine": "chromium", "queue": 10.0, "replicas": 2, "high_samples": 3}
{"timestamp": "2026-10-03T01:14:52.655900+00:00", "timestamp_ms": 1790990092655, "event": "sample", "controller": "queue-scaler-6678bfc76f-tdbxc", "engine": "libreoffice", "queue": 11.0, "replicas": 2, "high_samples": 1}
{"timestamp": "2026-10-03T01:14:53.634661+00:00", "timestamp_ms": 1790990093634, "event": "sample", "controller": "queue-scaler-6678bfc76f-tdbxc", "engine": "chromium", "queue": 10.0, "replicas": 2, "high_samples": 4}
{"timestamp": "2026-10-03T01:14:53.646262+00:00", "timestamp_ms": 1790990093646, "event": "sample", "controller": "queue-scaler-6678bfc76f-tdbxc", "engine": "libreoffice", "queue": 0.0, "replicas": 2, "high_samples": 0}
{"timestamp": "2026-10-03T01:14:54.637032+00:00", "timestamp_ms": 1790990094637, "event": "sample", "controller": "queue-scaler-6678bfc76f-tdbxc", "engine": "chromium", "queue": 12.0, "replicas": 2, "high_samples": 5}
{"timestamp": "2026-10-03T01:14:54.648640+00:00", "timestamp_ms": 1790990094648, "event": "sample", "controller": "queue-scaler-6678bfc76f-tdbxc", "engine": "libreoffice", "queue": 10.0, "replicas": 2, "high_samples": 1}
{"timestamp": "2026-10-03T01:14:55.632974+00:00", "timestamp_ms": 1790990095632, "event": "sample", "controller": "queue-scaler-6678bfc76f-tdbxc", "engine": "chromium", "queue": 0.0, "replicas": 2, "high_samples": 0}
{"timestamp": "2026-10-03T01:14:55.641852+00:00", "timestamp_ms": 1790990095641, "event": "sample", "controller": "queue-scaler-6678bfc76f-tdbxc", "engine": "libreoffice", "queue": 0.0, "replicas": 2, "high_samples": 0}
{"timestamp": "2026-10-03T01:14:56.633458+00:00", "timestamp_ms": 1790990096633, "event": "sample", "controller": "queue-scaler-6678bfc76f-tdbxc", "engine": "chromium", "queue": 0.0, "replicas": 2, "high_samples": 0}
{"timestamp": "2026-10-03T01:14:56.644322+00:00", "timestamp_ms": 1790990096644, "event": "sample", "controller": "queue-scaler-6678bfc76f-tdbxc", "engine": "libreoffice", "queue": 0.0, "replicas": 2, "high_samples": 0}
{"timestamp": "2026-10-03T01:14:57.633170+00:00", "timestamp_ms": 1790990097633, "event": "sample", "controller": "queue-scaler-6678bfc76f-tdbxc", "engine": "chromium", "queue": 12.0, "replicas": 2, "high_samples": 1}
{"timestamp": "2026-10-03T01:14:57.644150+00:00", "timestamp_ms": 1790990097644, "event": "sample", "controller": "queue-scaler-6678bfc76f-tdbxc", "engine": "libreoffice", "queue": 11.0, "replicas": 2, "high_samples": 1}
{"timestamp": "2026-10-03T01:14:58.633710+00:00", "timestamp_ms": 1790990098633, "event": "sample", "controller": "queue-scaler-6678bfc76f-tdbxc", "engine": "chromium", "queue": 0.0, "replicas": 2, "high_samples": 0}
{"timestamp": "2026-10-03T01:14:58.647366+00:00", "timestamp_ms": 1790990098647, "event": "sample", "controller": "queue-scaler-6678bfc76f-tdbxc", "engine": "libreoffice", "queue": 12.0, "replicas": 2, "high_samples": 2}
{"timestamp": "2026-10-03T01:14:59.633841+00:00", "timestamp_ms": 1790990099633, "event": "sample", "controller": "queue-scaler-6678bfc76f-tdbxc", "engine": "chromium", "queue": 0.0, "replicas": 2, "high_samples": 0}
{"timestamp": "2026-10-03T01:14:59.647613+00:00", "timestamp_ms": 1790990099647, "event": "sample", "controller": "queue-scaler-6678bfc76f-tdbxc", "engine": "libreoffice", "queue": 10.0, "replicas": 2, "high_samples": 3}
{"timestamp": "2026-10-03T01:15:00.636997+00:00", "timestamp_ms": 1790990100637, "event": "sample", "controller": "queue-scaler-6678bfc76f-tdbxc", "engine": "chromium", "queue": 10.0, "replicas": 2, "high_samples": 1}
{"timestamp": "2026-10-03T01:15:00.655923+00:00", "timestamp_ms": 1790990100655, "event": "sample", "controller": "queue-scaler-6678bfc76f-tdbxc", "engine": "libreoffice", "queue": 12.0, "replicas": 2, "high_samples": 4}
{"timestamp": "2026-10-03T01:15:01.655813+00:00", "timestamp_ms": 1790990101655, "event": "sample", "controller": "queue-scaler-6678bfc76f-tdbxc", "engine": "chromium", "queue": 12.0, "replicas": 2, "high_samples": 2}
{"timestamp": "2026-10-03T01:15:01.669806+00:00", "timestamp_ms": 1790990101669, "event": "sample", "controller": "queue-scaler-6678bfc76f-tdbxc", "engine": "libreoffice", "queue": 10.0, "replicas": 2, "high_samples": 5}
{"timestamp": "2026-10-03T01:15:02.632337+00:00", "timestamp_ms": 1790990102632, "event": "sample", "controller": "queue-scaler-6678bfc76f-tdbxc", "engine": "chromium", "queue": 12.0, "replicas": 2, "high_samples": 3}
{"timestamp": "2026-10-03T01:15:02.644316+00:00", "timestamp_ms": 1790990102644, "event": "sample", "controller": "queue-scaler-6678bfc76f-tdbxc", "engine": "libreoffice", "queue": 11.0, "replicas": 2, "high_samples": 6}
{"timestamp": "2026-10-03T01:15:03.645376+00:00", "timestamp_ms": 1790990103645, "event": "sample", "controller": "queue-scaler-6678bfc76f-tdbxc", "engine": "chromium", "queue": 0.0, "replicas": 2, "high_samples": 0}
{"timestamp": "2026-10-03T01:15:03.665208+00:00", "timestamp_ms": 1790990103665, "event": "sample", "controller": "queue-scaler-6678bfc76f-tdbxc", "engine": "libreoffice", "queue": 11.0, "replicas": 2, "high_samples": 7}
{"timestamp": "2026-10-03T01:15:04.633895+00:00", "timestamp_ms": 1790990104633, "event": "sample", "controller": "queue-scaler-6678bfc76f-tdbxc", "engine": "chromium", "queue": 0.0, "replicas": 2, "high_samples": 0}
{"timestamp": "2026-10-03T01:15:04.651215+00:00", "timestamp_ms": 1790990104651, "event": "sample", "controller": "queue-scaler-6678bfc76f-tdbxc", "engine": "libreoffice", "queue": 10.0, "replicas": 2, "high_samples": 8}
{"timestamp": "2026-10-03T01:15:05.634223+00:00", "timestamp_ms": 1790990105634, "event": "sample", "controller": "queue-scaler-6678bfc76f-tdbxc", "engine": "chromium", "queue": 11.0, "replicas": 2, "high_samples": 1}
{"timestamp": "2026-10-03T01:15:05.645613+00:00", "timestamp_ms": 1790990105645, "event": "sample", "controller": "queue-scaler-6678bfc76f-tdbxc", "engine": "libreoffice", "queue": 12.0, "replicas": 2, "high_samples": 9}
{"timestamp": "2026-10-03T01:15:06.632293+00:00", "timestamp_ms": 1790990106632, "event": "sample", "controller": "queue-scaler-6678bfc76f-tdbxc", "engine": "chromium", "queue": 0.0, "replicas": 2, "high_samples": 0}
{"timestamp": "2026-10-03T01:15:06.641915+00:00", "timestamp_ms": 1790990106641, "event": "sample", "controller": "queue-scaler-6678bfc76f-tdbxc", "engine": "libreoffice", "queue": 0.0, "replicas": 2, "high_samples": 0}
{"timestamp": "2026-10-03T01:15:07.632453+00:00", "timestamp_ms": 1790990107632, "event": "sample", "controller": "queue-scaler-6678bfc76f-tdbxc", "engine": "chromium", "queue": 12.0, "replicas": 2, "high_samples": 1}
{"timestamp": "2026-10-03T01:15:07.642608+00:00", "timestamp_ms": 1790990107642, "event": "sample", "controller": "queue-scaler-6678bfc76f-tdbxc", "engine": "libreoffice", "queue": 4.0, "replicas": 2, "high_samples": 1}
{"timestamp": "2026-10-03T01:15:08.643478+00:00", "timestamp_ms": 1790990108643, "event": "sample", "controller": "queue-scaler-6678bfc76f-tdbxc", "engine": "chromium", "queue": 11.0, "replicas": 2, "high_samples": 2}
{"timestamp": "2026-10-03T01:15:08.653762+00:00", "timestamp_ms": 1790990108653, "event": "sample", "controller": "queue-scaler-6678bfc76f-tdbxc", "engine": "libreoffice", "queue": 0.0, "replicas": 2, "high_samples": 0}
{"timestamp": "2026-10-03T01:15:09.632762+00:00", "timestamp_ms": 1790990109632, "event": "sample", "controller": "queue-scaler-6678bfc76f-tdbxc", "engine": "chromium", "queue": 12.0, "replicas": 2, "high_samples": 3}
{"timestamp": "2026-10-03T01:15:09.642889+00:00", "timestamp_ms": 1790990109642, "event": "sample", "controller": "queue-scaler-6678bfc76f-tdbxc", "engine": "libreoffice", "queue": 0.0, "replicas": 2, "high_samples": 0}
{"timestamp": "2026-10-03T01:15:10.635140+00:00", "timestamp_ms": 1790990110635, "event": "sample", "controller": "queue-scaler-6678bfc76f-tdbxc", "engine": "chromium", "queue": 11.0, "replicas": 2, "high_samples": 4}
{"timestamp": "2026-10-03T01:15:10.647544+00:00", "timestamp_ms": 1790990110647, "event": "sample", "controller": "queue-scaler-6678bfc76f-tdbxc", "engine": "libreoffice", "queue": 0.0, "replicas": 2, "high_samples": 0}
{"timestamp": "2026-10-03T01:15:11.636866+00:00", "timestamp_ms": 1790990111636, "event": "sample", "controller": "queue-scaler-6678bfc76f-tdbxc", "engine": "chromium", "queue": 9.0, "replicas": 2, "high_samples": 5}
{"timestamp": "2026-10-03T01:15:11.647115+00:00", "timestamp_ms": 1790990111647, "event": "sample", "controller": "queue-scaler-6678bfc76f-tdbxc", "engine": "libreoffice", "queue": 0.0, "replicas": 2, "high_samples": 0}
{"timestamp": "2026-10-03T01:15:12.633602+00:00", "timestamp_ms": 1790990112633, "event": "sample", "controller": "queue-scaler-6678bfc76f-tdbxc", "engine": "chromium", "queue": 0.0, "replicas": 2, "high_samples": 0}
{"timestamp": "2026-10-03T01:15:12.664432+00:00", "timestamp_ms": 1790990112664, "event": "sample", "controller": "queue-scaler-6678bfc76f-tdbxc", "engine": "libreoffice", "queue": 0.0, "replicas": 2, "high_samples": 0}
{"timestamp": "2026-10-03T01:15:13.656770+00:00", "timestamp_ms": 1790990113656, "event": "sample", "controller": "queue-scaler-6678bfc76f-tdbxc", "engine": "chromium", "queue": 0.0, "replicas": 2, "high_samples": 0}
{"timestamp": "2026-10-03T01:15:13.673440+00:00", "timestamp_ms": 1790990113673, "event": "sample", "controller": "queue-scaler-6678bfc76f-tdbxc", "engine": "libreoffice", "queue": 0.0, "replicas": 2, "high_samples": 0}
{"timestamp": "2026-10-03T01:15:14.634516+00:00", "timestamp_ms": 1790990114634, "event": "sample", "controller": "queue-scaler-6678bfc76f-tdbxc", "engine": "chromium", "queue": 0.0, "replicas": 2, "high_samples": 0}
{"timestamp": "2026-10-03T01:15:14.644081+00:00", "timestamp_ms": 1790990114644, "event": "sample", "controller": "queue-scaler-6678bfc76f-tdbxc", "engine": "libreoffice", "queue": 0.0, "replicas": 2, "high_samples": 0}
{"timestamp": "2026-10-03T01:15:15.632675+00:00", "timestamp_ms": 1790990115632, "event": "sample", "controller": "queue-scaler-6678bfc76f-tdbxc", "engine": "chromium", "queue": 0.0, "replicas": 2, "high_samples": 0}
{"timestamp": "2026-10-03T01:15:15.643436+00:00", "timestamp_ms": 1790990115643, "event": "sample", "controller": "queue-scaler-6678bfc76f-tdbxc", "engine": "libreoffice", "queue": 0.0, "replicas": 2, "high_samples": 0}
{"timestamp": "2026-10-03T01:15:16.632916+00:00", "timestamp_ms": 1790990116632, "event": "sample", "controller": "queue-scaler-6678bfc76f-tdbxc", "engine": "chromium", "queue": 0.0, "replicas": 2, "high_samples": 0}
{"timestamp": "2026-10-03T01:15:16.643955+00:00", "timestamp_ms": 1790990116643, "event": "sample", "controller": "queue-scaler-6678bfc76f-tdbxc", "engine": "libreoffice", "queue": 0.0, "replicas": 2, "high_samples": 0}
{"timestamp": "2026-10-03T01:15:17.633646+00:00", "timestamp_ms": 1790990117633, "event": "sample", "controller": "queue-scaler-6678bfc76f-tdbxc", "engine": "chromium", "queue": 0.0, "replicas": 2, "high_samples": 0}
{"timestamp": "2026-10-03T01:15:17.646199+00:00", "timestamp_ms": 1790990117646, "event": "sample", "controller": "queue-scaler-6678bfc76f-tdbxc", "engine": "libreoffice", "queue": 0.0, "replicas": 2, "high_samples": 0}
{"timestamp": "2026-10-03T01:15:18.634227+00:00", "timestamp_ms": 1790990118634, "event": "sample", "controller": "queue-scaler-6678bfc76f-tdbxc", "engine": "chromium", "queue": 12.0, "replicas": 2, "high_samples": 1}
{"timestamp": "2026-10-03T01:15:18.646771+00:00", "timestamp_ms": 1790990118646, "event": "sample", "controller": "queue-scaler-6678bfc76f-tdbxc", "engine": "libreoffice", "queue": 0.0, "replicas": 2, "high_samples": 0}
{"timestamp": "2026-10-03T01:15:19.633666+00:00", "timestamp_ms": 1790990119633, "event": "sample", "controller": "queue-scaler-6678bfc76f-tdbxc", "engine": "chromium", "queue": 10.0, "replicas": 2, "high_samples": 2}
{"timestamp": "2026-10-03T01:15:19.642888+00:00", "timestamp_ms": 1790990119642, "event": "sample", "controller": "queue-scaler-6678bfc76f-tdbxc", "engine": "libreoffice", "queue": 0.0, "replicas": 2, "high_samples": 0}
{"timestamp": "2026-10-03T01:15:20.634565+00:00", "timestamp_ms": 1790990120634, "event": "sample", "controller": "queue-scaler-6678bfc76f-tdbxc", "engine": "chromium", "queue": 0.0, "replicas": 2, "high_samples": 0}
{"timestamp": "2026-10-03T01:15:20.643754+00:00", "timestamp_ms": 1790990120643, "event": "sample", "controller": "queue-scaler-6678bfc76f-tdbxc", "engine": "libreoffice", "queue": 0.0, "replicas": 2, "high_samples": 0}
{"timestamp": "2026-10-03T01:15:21.635033+00:00", "timestamp_ms": 1790990121635, "event": "sample", "controller": "queue-scaler-6678bfc76f-tdbxc", "engine": "chromium", "queue": 12.0, "replicas": 2, "high_samples": 1}
{"timestamp": "2026-10-03T01:15:21.645213+00:00", "timestamp_ms": 1790990121645, "event": "sample", "controller": "queue-scaler-6678bfc76f-tdbxc", "engine": "libreoffice", "queue": 0.0, "replicas": 2, "high_samples": 0}
{"timestamp": "2026-10-03T01:15:22.636217+00:00", "timestamp_ms": 1790990122636, "event": "sample", "controller": "queue-scaler-6678bfc76f-tdbxc", "engine": "chromium", "queue": 8.0, "replicas": 2, "high_samples": 2}
{"timestamp": "2026-10-03T01:15:22.648257+00:00", "timestamp_ms": 1790990122648, "event": "sample", "controller": "queue-scaler-6678bfc76f-tdbxc", "engine": "libreoffice", "queue": 0.0, "replicas": 2, "high_samples": 0}
{"timestamp": "2026-10-03T01:15:23.636181+00:00", "timestamp_ms": 1790990123636, "event": "sample", "controller": "queue-scaler-6678bfc76f-tdbxc", "engine": "chromium", "queue": 12.0, "replicas": 2, "high_samples": 3}
{"timestamp": "2026-10-03T01:15:23.645817+00:00", "timestamp_ms": 1790990123645, "event": "sample", "controller": "queue-scaler-6678bfc76f-tdbxc", "engine": "libreoffice", "queue": 0.0, "replicas": 2, "high_samples": 0}
{"timestamp": "2026-10-03T01:15:24.635145+00:00", "timestamp_ms": 1790990124635, "event": "sample", "controller": "queue-scaler-6678bfc76f-tdbxc", "engine": "chromium", "queue": 0.0, "replicas": 2, "high_samples": 0}
{"timestamp": "2026-10-03T01:15:24.646943+00:00", "timestamp_ms": 1790990124646, "event": "sample", "controller": "queue-scaler-6678bfc76f-tdbxc", "engine": "libreoffice", "queue": 0.0, "replicas": 2, "high_samples": 0}
{"timestamp": "2026-10-03T01:15:25.635003+00:00", "timestamp_ms": 1790990125635, "event": "sample", "controller": "queue-scaler-6678bfc76f-tdbxc", "engine": "chromium", "queue": 1.0, "replicas": 2, "high_samples": 0}
{"timestamp": "2026-10-03T01:15:25.646646+00:00", "timestamp_ms": 1790990125646, "event": "sample", "controller": "queue-scaler-6678bfc76f-tdbxc", "engine": "libreoffice", "queue": 0.0, "replicas": 2, "high_samples": 0}
{"timestamp": "2026-10-03T01:15:26.636280+00:00", "timestamp_ms": 1790990126636, "event": "sample", "controller": "queue-scaler-6678bfc76f-tdbxc", "engine": "chromium", "queue": 0.0, "replicas": 2, "high_samples": 0}
{"timestamp": "2026-10-03T01:15:26.646768+00:00", "timestamp_ms": 1790990126646, "event": "sample", "controller": "queue-scaler-6678bfc76f-tdbxc", "engine": "libreoffice", "queue": 0.0, "replicas": 2, "high_samples": 0}
{"timestamp": "2026-10-03T01:15:27.635867+00:00", "timestamp_ms": 1790990127635, "event": "sample", "controller": "queue-scaler-6678bfc76f-tdbxc", "engine": "chromium", "queue": 0.0, "replicas": 2, "high_samples": 0}
{"timestamp": "2026-10-03T01:15:27.646718+00:00", "timestamp_ms": 1790990127646, "event": "sample", "controller": "queue-scaler-6678bfc76f-tdbxc", "engine": "libreoffice", "queue": 0.0, "replicas": 2, "high_samples": 0}
{"timestamp": "2026-10-03T01:15:28.635649+00:00", "timestamp_ms": 1790990128635, "event": "sample", "controller": "queue-scaler-6678bfc76f-tdbxc", "engine": "chromium", "queue": 10.0, "replicas": 2, "high_samples": 1}
{"timestamp": "2026-10-03T01:15:28.650562+00:00", "timestamp_ms": 1790990128650, "event": "sample", "controller": "queue-scaler-6678bfc76f-tdbxc", "engine": "libreoffice", "queue": 0.0, "replicas": 2, "high_samples": 0}
{"timestamp": "2026-10-03T01:15:29.635471+00:00", "timestamp_ms": 1790990129635, "event": "sample", "controller": "queue-scaler-6678bfc76f-tdbxc", "engine": "chromium", "queue": 12.0, "replicas": 2, "high_samples": 2}
{"timestamp": "2026-10-03T01:15:29.647502+00:00", "timestamp_ms": 1790990129647, "event": "sample", "controller": "queue-scaler-6678bfc76f-tdbxc", "engine": "libreoffice", "queue": 0.0, "replicas": 2, "high_samples": 0}
{"timestamp": "2026-10-03T01:15:30.635846+00:00", "timestamp_ms": 1790990130635, "event": "sample", "controller": "queue-scaler-6678bfc76f-tdbxc", "engine": "chromium", "queue": 12.0, "replicas": 2, "high_samples": 3}
{"timestamp": "2026-10-03T01:15:30.646289+00:00", "timestamp_ms": 1790990130646, "event": "sample", "controller": "queue-scaler-6678bfc76f-tdbxc", "engine": "libreoffice", "queue": 0.0, "replicas": 2, "high_samples": 0}
{"timestamp": "2026-10-03T01:15:31.637011+00:00", "timestamp_ms": 1790990131637, "event": "sample", "controller": "queue-scaler-6678bfc76f-tdbxc", "engine": "chromium", "queue": 12.0, "replicas": 2, "high_samples": 4}
{"timestamp": "2026-10-03T01:15:31.647194+00:00", "timestamp_ms": 1790990131647, "event": "sample", "controller": "queue-scaler-6678bfc76f-tdbxc", "engine": "libreoffice", "queue": 0.0, "replicas": 2, "high_samples": 0}
{"timestamp": "2026-10-03T01:15:32.636192+00:00", "timestamp_ms": 1790990132636, "event": "sample", "controller": "queue-scaler-6678bfc76f-tdbxc", "engine": "chromium", "queue": 8.0, "replicas": 2, "high_samples": 5}
{"timestamp": "2026-10-03T01:15:32.648566+00:00", "timestamp_ms": 1790990132648, "event": "sample", "controller": "queue-scaler-6678bfc76f-tdbxc", "engine": "libreoffice", "queue": 0.0, "replicas": 2, "high_samples": 0}
{"timestamp": "2026-10-03T01:15:33.634469+00:00", "timestamp_ms": 1790990133634, "event": "sample", "controller": "queue-scaler-6678bfc76f-tdbxc", "engine": "chromium", "queue": 12.0, "replicas": 2, "high_samples": 6}
{"timestamp": "2026-10-03T01:15:33.644420+00:00", "timestamp_ms": 1790990133644, "event": "sample", "controller": "queue-scaler-6678bfc76f-tdbxc", "engine": "libreoffice", "queue": 0.0, "replicas": 2, "high_samples": 0}
{"timestamp": "2026-10-03T01:15:34.636132+00:00", "timestamp_ms": 1790990134636, "event": "sample", "controller": "queue-scaler-6678bfc76f-tdbxc", "engine": "chromium", "queue": 11.0, "replicas": 2, "high_samples": 7}
{"timestamp": "2026-10-03T01:15:34.647993+00:00", "timestamp_ms": 1790990134648, "event": "sample", "controller": "queue-scaler-6678bfc76f-tdbxc", "engine": "libreoffice", "queue": 0.0, "replicas": 2, "high_samples": 0}
{"timestamp": "2026-10-03T01:15:35.635437+00:00", "timestamp_ms": 1790990135635, "event": "sample", "controller": "queue-scaler-6678bfc76f-tdbxc", "engine": "chromium", "queue": 0.0, "replicas": 2, "high_samples": 0}
{"timestamp": "2026-10-03T01:15:35.645254+00:00", "timestamp_ms": 1790990135645, "event": "sample", "controller": "queue-scaler-6678bfc76f-tdbxc", "engine": "libreoffice", "queue": 0.0, "replicas": 2, "high_samples": 0}
{"timestamp": "2026-10-03T01:15:36.637562+00:00", "timestamp_ms": 1790990136637, "event": "sample", "controller": "queue-scaler-6678bfc76f-tdbxc", "engine": "chromium", "queue": 0.0, "replicas": 2, "high_samples": 0}
{"timestamp": "2026-10-03T01:15:36.652345+00:00", "timestamp_ms": 1790990136652, "event": "sample", "controller": "queue-scaler-6678bfc76f-tdbxc", "engine": "libreoffice", "queue": 0.0, "replicas": 2, "high_samples": 0}
{"timestamp": "2026-10-03T01:15:37.638161+00:00", "timestamp_ms": 1790990137638, "event": "sample", "controller": "queue-scaler-6678bfc76f-tdbxc", "engine": "chromium", "queue": 11.0, "replicas": 2, "high_samples": 1}
{"timestamp": "2026-10-03T01:15:37.649435+00:00", "timestamp_ms": 1790990137649, "event": "sample", "controller": "queue-scaler-6678bfc76f-tdbxc", "engine": "libreoffice", "queue": 0.0, "replicas": 2, "high_samples": 0}
{"timestamp": "2026-10-03T01:15:38.638304+00:00", "timestamp_ms": 1790990138638, "event": "sample", "controller": "queue-scaler-6678bfc76f-tdbxc", "engine": "chromium", "queue": 12.0, "replicas": 2, "high_samples": 2}
{"timestamp": "2026-10-03T01:15:38.653859+00:00", "timestamp_ms": 1790990138653, "event": "sample", "controller": "queue-scaler-6678bfc76f-tdbxc", "engine": "libreoffice", "queue": 0.0, "replicas": 2, "high_samples": 0}
{"timestamp": "2026-10-03T01:15:39.635615+00:00", "timestamp_ms": 1790990139635, "event": "sample", "controller": "queue-scaler-6678bfc76f-tdbxc", "engine": "chromium", "queue": 10.0, "replicas": 2, "high_samples": 3}
{"timestamp": "2026-10-03T01:15:39.645859+00:00", "timestamp_ms": 1790990139645, "event": "sample", "controller": "queue-scaler-6678bfc76f-tdbxc", "engine": "libreoffice", "queue": 0.0, "replicas": 2, "high_samples": 0}
{"timestamp": "2026-10-03T01:15:40.636037+00:00", "timestamp_ms": 1790990140636, "event": "sample", "controller": "queue-scaler-6678bfc76f-tdbxc", "engine": "chromium", "queue": 0.0, "replicas": 2, "high_samples": 0}
{"timestamp": "2026-10-03T01:15:40.647062+00:00", "timestamp_ms": 1790990140647, "event": "sample", "controller": "queue-scaler-6678bfc76f-tdbxc", "engine": "libreoffice", "queue": 0.0, "replicas": 2, "high_samples": 0}
{"timestamp": "2026-10-03T01:15:41.636919+00:00", "timestamp_ms": 1790990141636, "event": "sample", "controller": "queue-scaler-6678bfc76f-tdbxc", "engine": "chromium", "queue": 0.0, "replicas": 2, "high_samples": 0}
{"timestamp": "2026-10-03T01:15:41.646900+00:00", "timestamp_ms": 1790990141646, "event": "sample", "controller": "queue-scaler-6678bfc76f-tdbxc", "engine": "libreoffice", "queue": 0.0, "replicas": 2, "high_samples": 0}
{"timestamp": "2026-10-03T01:15:42.639404+00:00", "timestamp_ms": 1790990142639, "event": "sample", "controller": "queue-scaler-6678bfc76f-tdbxc", "engine": "chromium", "queue": 0.0, "replicas": 2, "high_samples": 0}
{"timestamp": "2026-10-03T01:15:42.653806+00:00", "timestamp_ms": 1790990142653, "event": "sample", "controller": "queue-scaler-6678bfc76f-tdbxc", "engine": "libreoffice", "queue": 0.0, "replicas": 2, "high_samples": 0}
{"timestamp": "2026-10-03T01:15:43.662690+00:00", "timestamp_ms": 1790990143662, "event": "sample", "controller": "queue-scaler-6678bfc76f-tdbxc", "engine": "chromium", "queue": 0.0, "replicas": 2, "high_samples": 0}
{"timestamp": "2026-10-03T01:15:43.685951+00:00", "timestamp_ms": 1790990143685, "event": "sample", "controller": "queue-scaler-6678bfc76f-tdbxc", "engine": "libreoffice", "queue": 0.0, "replicas": 2, "high_samples": 0}
{"timestamp": "2026-10-03T01:15:44.635639+00:00", "timestamp_ms": 1790990144635, "event": "sample", "controller": "queue-scaler-6678bfc76f-tdbxc", "engine": "chromium", "queue": 0.0, "replicas": 2, "high_samples": 0}
{"timestamp": "2026-10-03T01:15:44.652265+00:00", "timestamp_ms": 1790990144652, "event": "sample", "controller": "queue-scaler-6678bfc76f-tdbxc", "engine": "libreoffice", "queue": 0.0, "replicas": 2, "high_samples": 0}
{"timestamp": "2026-10-03T01:15:45.637977+00:00", "timestamp_ms": 1790990145637, "event": "sample", "controller": "queue-scaler-6678bfc76f-tdbxc", "engine": "chromium", "queue": 0.0, "replicas": 2, "high_samples": 0}
{"timestamp": "2026-10-03T01:15:45.651846+00:00", "timestamp_ms": 1790990145651, "event": "sample", "controller": "queue-scaler-6678bfc76f-tdbxc", "engine": "libreoffice", "queue": 0.0, "replicas": 2, "high_samples": 0}
{"timestamp": "2026-10-03T01:15:46.638583+00:00", "timestamp_ms": 1790990146638, "event": "sample", "controller": "queue-scaler-6678bfc76f-tdbxc", "engine": "chromium", "queue": 12.0, "replicas": 2, "high_samples": 1}
{"timestamp": "2026-10-03T01:15:46.649227+00:00", "timestamp_ms": 1790990146649, "event": "sample", "controller": "queue-scaler-6678bfc76f-tdbxc", "engine": "libreoffice", "queue": 0.0, "replicas": 2, "high_samples": 0}
{"timestamp": "2026-10-03T01:15:47.639125+00:00", "timestamp_ms": 1790990147639, "event": "sample", "controller": "queue-scaler-6678bfc76f-tdbxc", "engine": "chromium", "queue": 0.0, "replicas": 2, "high_samples": 0}
{"timestamp": "2026-10-03T01:15:47.650999+00:00", "timestamp_ms": 1790990147651, "event": "sample", "controller": "queue-scaler-6678bfc76f-tdbxc", "engine": "libreoffice", "queue": 0.0, "replicas": 2, "high_samples": 0}
{"timestamp": "2026-10-03T01:15:48.635235+00:00", "timestamp_ms": 1790990148635, "event": "sample", "controller": "queue-scaler-6678bfc76f-tdbxc", "engine": "chromium", "queue": 0.0, "replicas": 2, "high_samples": 0}
{"timestamp": "2026-10-03T01:15:48.646022+00:00", "timestamp_ms": 1790990148646, "event": "sample", "controller": "queue-scaler-6678bfc76f-tdbxc", "engine": "libreoffice", "queue": 0.0, "replicas": 2, "high_samples": 0}
{"timestamp": "2026-10-03T01:15:49.637979+00:00", "timestamp_ms": 1790990149637, "event": "sample", "controller": "queue-scaler-6678bfc76f-tdbxc", "engine": "chromium", "queue": 0.0, "replicas": 2, "high_samples": 0}
{"timestamp": "2026-10-03T01:15:49.648637+00:00", "timestamp_ms": 1790990149648, "event": "sample", "controller": "queue-scaler-6678bfc76f-tdbxc", "engine": "libreoffice", "queue": 0.0, "replicas": 2, "high_samples": 0}
{"timestamp": "2026-10-03T01:15:50.638091+00:00", "timestamp_ms": 1790990150638, "event": "sample", "controller": "queue-scaler-6678bfc76f-tdbxc", "engine": "chromium", "queue": 0.0, "replicas": 2, "high_samples": 0}
{"timestamp": "2026-10-03T01:15:50.650170+00:00", "timestamp_ms": 1790990150650, "event": "sample", "controller": "queue-scaler-6678bfc76f-tdbxc", "engine": "libreoffice", "queue": 0.0, "replicas": 2, "high_samples": 0}
{"timestamp": "2026-10-03T01:15:51.636578+00:00", "timestamp_ms": 1790990151636, "event": "sample", "controller": "queue-scaler-6678bfc76f-tdbxc", "engine": "chromium", "queue": 0.0, "replicas": 2, "high_samples": 0}
{"timestamp": "2026-10-03T01:15:51.646602+00:00", "timestamp_ms": 1790990151646, "event": "sample", "controller": "queue-scaler-6678bfc76f-tdbxc", "engine": "libreoffice", "queue": 0.0, "replicas": 2, "high_samples": 0}
{"timestamp": "2026-10-03T01:15:52.637495+00:00", "timestamp_ms": 1790990152637, "event": "sample", "controller": "queue-scaler-6678bfc76f-tdbxc", "engine": "chromium", "queue": 10.0, "replicas": 2, "high_samples": 1}
{"timestamp": "2026-10-03T01:15:52.648131+00:00", "timestamp_ms": 1790990152648, "event": "sample", "controller": "queue-scaler-6678bfc76f-tdbxc", "engine": "libreoffice", "queue": 0.0, "replicas": 2, "high_samples": 0}
{"timestamp": "2026-10-03T01:15:53.634989+00:00", "timestamp_ms": 1790990153634, "event": "sample", "controller": "queue-scaler-6678bfc76f-tdbxc", "engine": "chromium", "queue": 0.0, "replicas": 2, "high_samples": 0}
{"timestamp": "2026-10-03T01:15:53.645721+00:00", "timestamp_ms": 1790990153645, "event": "sample", "controller": "queue-scaler-6678bfc76f-tdbxc", "engine": "libreoffice", "queue": 0.0, "replicas": 2, "high_samples": 0}
{"timestamp": "2026-10-03T01:15:54.638712+00:00", "timestamp_ms": 1790990154638, "event": "sample", "controller": "queue-scaler-6678bfc76f-tdbxc", "engine": "chromium", "queue": 11.0, "replicas": 2, "high_samples": 1}
{"timestamp": "2026-10-03T01:15:54.654202+00:00", "timestamp_ms": 1790990154654, "event": "sample", "controller": "queue-scaler-6678bfc76f-tdbxc", "engine": "libreoffice", "queue": 0.0, "replicas": 2, "high_samples": 0}
{"timestamp": "2026-10-03T01:15:55.638927+00:00", "timestamp_ms": 1790990155638, "event": "sample", "controller": "queue-scaler-6678bfc76f-tdbxc", "engine": "chromium", "queue": 10.0, "replicas": 2, "high_samples": 2}
{"timestamp": "2026-10-03T01:15:55.651166+00:00", "timestamp_ms": 1790990155651, "event": "sample", "controller": "queue-scaler-6678bfc76f-tdbxc", "engine": "libreoffice", "queue": 0.0, "replicas": 2, "high_samples": 0}
{"timestamp": "2026-10-03T01:15:56.642433+00:00", "timestamp_ms": 1790990156642, "event": "sample", "controller": "queue-scaler-6678bfc76f-tdbxc", "engine": "chromium", "queue": 0.0, "replicas": 2, "high_samples": 0}
{"timestamp": "2026-10-03T01:15:56.659171+00:00", "timestamp_ms": 1790990156659, "event": "sample", "controller": "queue-scaler-6678bfc76f-tdbxc", "engine": "libreoffice", "queue": 0.0, "replicas": 2, "high_samples": 0}
{"timestamp": "2026-10-03T01:15:57.642203+00:00", "timestamp_ms": 1790990157642, "event": "sample", "controller": "queue-scaler-6678bfc76f-tdbxc", "engine": "chromium", "queue": 0.0, "replicas": 2, "high_samples": 0}
{"timestamp": "2026-10-03T01:15:57.654574+00:00", "timestamp_ms": 1790990157654, "event": "sample", "controller": "queue-scaler-6678bfc76f-tdbxc", "engine": "libreoffice", "queue": 0.0, "replicas": 2, "high_samples": 0}
{"timestamp": "2026-10-03T01:15:58.638208+00:00", "timestamp_ms": 1790990158638, "event": "sample", "controller": "queue-scaler-6678bfc76f-tdbxc", "engine": "chromium", "queue": 7.0, "replicas": 2, "high_samples": 1}
{"timestamp": "2026-10-03T01:15:58.652337+00:00", "timestamp_ms": 1790990158652, "event": "sample", "controller": "queue-scaler-6678bfc76f-tdbxc", "engine": "libreoffice", "queue": 0.0, "replicas": 2, "high_samples": 0}
{"timestamp": "2026-10-03T01:15:59.641509+00:00", "timestamp_ms": 1790990159641, "event": "sample", "controller": "queue-scaler-6678bfc76f-tdbxc", "engine": "chromium", "queue": 0.0, "replicas": 2, "high_samples": 0}
{"timestamp": "2026-10-03T01:15:59.651871+00:00", "timestamp_ms": 1790990159651, "event": "sample", "controller": "queue-scaler-6678bfc76f-tdbxc", "engine": "libreoffice", "queue": 0.0, "replicas": 2, "high_samples": 0}
{"timestamp": "2026-10-03T01:16:00.637992+00:00", "timestamp_ms": 1790990160638, "event": "sample", "controller": "queue-scaler-6678bfc76f-tdbxc", "engine": "chromium", "queue": 10.0, "replicas": 2, "high_samples": 1}
{"timestamp": "2026-10-03T01:16:00.650599+00:00", "timestamp_ms": 1790990160650, "event": "sample", "controller": "queue-scaler-6678bfc76f-tdbxc", "engine": "libreoffice", "queue": 0.0, "replicas": 2, "high_samples": 0}
{"timestamp": "2026-10-03T01:16:01.640469+00:00", "timestamp_ms": 1790990161640, "event": "sample", "controller": "queue-scaler-6678bfc76f-tdbxc", "engine": "chromium", "queue": 1.0, "replicas": 2, "high_samples": 0}
{"timestamp": "2026-10-03T01:16:01.651119+00:00", "timestamp_ms": 1790990161651, "event": "sample", "controller": "queue-scaler-6678bfc76f-tdbxc", "engine": "libreoffice", "queue": 0.0, "replicas": 2, "high_samples": 0}
{"timestamp": "2026-10-03T01:16:02.640698+00:00", "timestamp_ms": 1790990162640, "event": "sample", "controller": "queue-scaler-6678bfc76f-tdbxc", "engine": "chromium", "queue": 10.0, "replicas": 2, "high_samples": 1}
{"timestamp": "2026-10-03T01:16:02.650192+00:00", "timestamp_ms": 1790990162650, "event": "sample", "controller": "queue-scaler-6678bfc76f-tdbxc", "engine": "libreoffice", "queue": 0.0, "replicas": 2, "high_samples": 0}
{"timestamp": "2026-10-03T01:16:03.653384+00:00", "timestamp_ms": 1790990163653, "event": "sample", "controller": "queue-scaler-6678bfc76f-tdbxc", "engine": "chromium", "queue": 0.0, "replicas": 2, "high_samples": 0}
{"timestamp": "2026-10-03T01:16:03.663097+00:00", "timestamp_ms": 1790990163663, "event": "sample", "controller": "queue-scaler-6678bfc76f-tdbxc", "engine": "libreoffice", "queue": 0.0, "replicas": 2, "high_samples": 0}
{"timestamp": "2026-10-03T01:16:04.640715+00:00", "timestamp_ms": 1790990164640, "event": "sample", "controller": "queue-scaler-6678bfc76f-tdbxc", "engine": "chromium", "queue": 11.0, "replicas": 2, "high_samples": 1}
{"timestamp": "2026-10-03T01:16:04.650201+00:00", "timestamp_ms": 1790990164650, "event": "sample", "controller": "queue-scaler-6678bfc76f-tdbxc", "engine": "libreoffice", "queue": 0.0, "replicas": 2, "high_samples": 0}
{"timestamp": "2026-10-03T01:16:05.638472+00:00", "timestamp_ms": 1790990165638, "event": "sample", "controller": "queue-scaler-6678bfc76f-tdbxc", "engine": "chromium", "queue": 0.0, "replicas": 2, "high_samples": 0}
{"timestamp": "2026-10-03T01:16:05.648423+00:00", "timestamp_ms": 1790990165648, "event": "sample", "controller": "queue-scaler-6678bfc76f-tdbxc", "engine": "libreoffice", "queue": 0.0, "replicas": 2, "high_samples": 0}
{"timestamp": "2026-10-03T01:16:06.638419+00:00", "timestamp_ms": 1790990166638, "event": "sample", "controller": "queue-scaler-6678bfc76f-tdbxc", "engine": "chromium", "queue": 0.0, "replicas": 2, "high_samples": 0}
{"timestamp": "2026-10-03T01:16:06.648469+00:00", "timestamp_ms": 1790990166648, "event": "sample", "controller": "queue-scaler-6678bfc76f-tdbxc", "engine": "libreoffice", "queue": 0.0, "replicas": 2, "high_samples": 0}
{"timestamp": "2026-10-03T01:16:07.637793+00:00", "timestamp_ms": 1790990167637, "event": "sample", "controller": "queue-scaler-6678bfc76f-tdbxc", "engine": "chromium", "queue": 0.0, "replicas": 2, "high_samples": 0}
{"timestamp": "2026-10-03T01:16:07.648753+00:00", "timestamp_ms": 1790990167648, "event": "sample", "controller": "queue-scaler-6678bfc76f-tdbxc", "engine": "libreoffice", "queue": 0.0, "replicas": 2, "high_samples": 0}
{"timestamp": "2026-10-03T01:16:08.639786+00:00", "timestamp_ms": 1790990168639, "event": "sample", "controller": "queue-scaler-6678bfc76f-tdbxc", "engine": "chromium", "queue": 0.0, "replicas": 2, "high_samples": 0}
{"timestamp": "2026-10-03T01:16:08.651225+00:00", "timestamp_ms": 1790990168651, "event": "sample", "controller": "queue-scaler-6678bfc76f-tdbxc", "engine": "libreoffice", "queue": 0.0, "replicas": 2, "high_samples": 0}
{"timestamp": "2026-10-03T01:16:09.639318+00:00", "timestamp_ms": 1790990169639, "event": "sample", "controller": "queue-scaler-6678bfc76f-tdbxc", "engine": "chromium", "queue": 0.0, "replicas": 2, "high_samples": 0}
{"timestamp": "2026-10-03T01:16:09.649518+00:00", "timestamp_ms": 1790990169649, "event": "sample", "controller": "queue-scaler-6678bfc76f-tdbxc", "engine": "libreoffice", "queue": 0.0, "replicas": 2, "high_samples": 0}
{"timestamp": "2026-10-03T01:16:10.639796+00:00", "timestamp_ms": 1790990170639, "event": "sample", "controller": "queue-scaler-6678bfc76f-tdbxc", "engine": "chromium", "queue": 0.0, "replicas": 2, "high_samples": 0}
{"timestamp": "2026-10-03T01:16:10.649383+00:00", "timestamp_ms": 1790990170649, "event": "sample", "controller": "queue-scaler-6678bfc76f-tdbxc", "engine": "libreoffice", "queue": 0.0, "replicas": 2, "high_samples": 0}
{"timestamp": "2026-10-03T01:16:11.638626+00:00", "timestamp_ms": 1790990171638, "event": "sample", "controller": "queue-scaler-6678bfc76f-tdbxc", "engine": "chromium", "queue": 0.0, "replicas": 2, "high_samples": 0}
{"timestamp": "2026-10-03T01:16:11.648961+00:00", "timestamp_ms": 1790990171648, "event": "sample", "controller": "queue-scaler-6678bfc76f-tdbxc", "engine": "libreoffice", "queue": 0.0, "replicas": 2, "high_samples": 0}
{"timestamp": "2026-10-03T01:16:12.638743+00:00", "timestamp_ms": 1790990172638, "event": "sample", "controller": "queue-scaler-6678bfc76f-tdbxc", "engine": "chromium", "queue": 0.0, "replicas": 2, "high_samples": 0}
{"timestamp": "2026-10-03T01:16:12.650058+00:00", "timestamp_ms": 1790990172650, "event": "sample", "controller": "queue-scaler-6678bfc76f-tdbxc", "engine": "libreoffice", "queue": 0.0, "replicas": 2, "high_samples": 0}
{"timestamp": "2026-10-03T01:16:13.638844+00:00", "timestamp_ms": 1790990173638, "event": "sample", "controller": "queue-scaler-6678bfc76f-tdbxc", "engine": "chromium", "queue": 0.0, "replicas": 2, "high_samples": 0}
{"timestamp": "2026-10-03T01:16:13.648627+00:00", "timestamp_ms": 1790990173648, "event": "sample", "controller": "queue-scaler-6678bfc76f-tdbxc", "engine": "libreoffice", "queue": 0.0, "replicas": 2, "high_samples": 0}
{"timestamp": "2026-10-03T01:16:14.638916+00:00", "timestamp_ms": 1790990174638, "event": "sample", "controller": "queue-scaler-6678bfc76f-tdbxc", "engine": "chromium", "queue": 0.0, "replicas": 2, "high_samples": 0}
{"timestamp": "2026-10-03T01:16:14.648969+00:00", "timestamp_ms": 1790990174648, "event": "sample", "controller": "queue-scaler-6678bfc76f-tdbxc", "engine": "libreoffice", "queue": 0.0, "replicas": 2, "high_samples": 0}
{"timestamp": "2026-10-03T01:16:15.637559+00:00", "timestamp_ms": 1790990175637, "event": "sample", "controller": "queue-scaler-6678bfc76f-tdbxc", "engine": "chromium", "queue": 0.0, "replicas": 2, "high_samples": 0}
{"timestamp": "2026-10-03T01:16:15.647218+00:00", "timestamp_ms": 1790990175647, "event": "sample", "controller": "queue-scaler-6678bfc76f-tdbxc", "engine": "libreoffice", "queue": 0.0, "replicas": 2, "high_samples": 0}
{"timestamp": "2026-10-03T01:16:16.640701+00:00", "timestamp_ms": 1790990176640, "event": "sample", "controller": "queue-scaler-6678bfc76f-tdbxc", "engine": "chromium", "queue": 0.0, "replicas": 2, "high_samples": 0}
{"timestamp": "2026-10-03T01:16:16.652352+00:00", "timestamp_ms": 1790990176652, "event": "sample", "controller": "queue-scaler-6678bfc76f-tdbxc", "engine": "libreoffice", "queue": 0.0, "replicas": 2, "high_samples": 0}
{"timestamp": "2026-10-03T01:16:17.637840+00:00", "timestamp_ms": 1790990177637, "event": "sample", "controller": "queue-scaler-6678bfc76f-tdbxc", "engine": "chromium", "queue": 0.0, "replicas": 2, "high_samples": 0}
{"timestamp": "2026-10-03T01:16:17.647418+00:00", "timestamp_ms": 1790990177647, "event": "sample", "controller": "queue-scaler-6678bfc76f-tdbxc", "engine": "libreoffice", "queue": 0.0, "replicas": 2, "high_samples": 0}
{"timestamp": "2026-10-03T01:16:18.637787+00:00", "timestamp_ms": 1790990178637, "event": "sample", "controller": "queue-scaler-6678bfc76f-tdbxc", "engine": "chromium", "queue": 0.0, "replicas": 2, "high_samples": 0}
{"timestamp": "2026-10-03T01:16:18.649468+00:00", "timestamp_ms": 1790990178649, "event": "sample", "controller": "queue-scaler-6678bfc76f-tdbxc", "engine": "libreoffice", "queue": 0.0, "replicas": 2, "high_samples": 0}
{"timestamp": "2026-10-03T01:16:19.638887+00:00", "timestamp_ms": 1790990179638, "event": "sample", "controller": "queue-scaler-6678bfc76f-tdbxc", "engine": "chromium", "queue": 0.0, "replicas": 2, "high_samples": 0}
{"timestamp": "2026-10-03T01:16:19.648697+00:00", "timestamp_ms": 1790990179648, "event": "sample", "controller": "queue-scaler-6678bfc76f-tdbxc", "engine": "libreoffice", "queue": 0.0, "replicas": 2, "high_samples": 0}
{"timestamp": "2026-10-03T01:16:20.639784+00:00", "timestamp_ms": 1790990180639, "event": "sample", "controller": "queue-scaler-6678bfc76f-tdbxc", "engine": "chromium", "queue": 0.0, "replicas": 2, "high_samples": 0}
{"timestamp": "2026-10-03T01:16:20.650303+00:00", "timestamp_ms": 1790990180650, "event": "sample", "controller": "queue-scaler-6678bfc76f-tdbxc", "engine": "libreoffice", "queue": 0.0, "replicas": 2, "high_samples": 0}
{"timestamp": "2026-10-03T01:16:21.640407+00:00", "timestamp_ms": 1790990181640, "event": "sample", "controller": "queue-scaler-6678bfc76f-tdbxc", "engine": "chromium", "queue": 0.0, "replicas": 2, "high_samples": 0}
{"timestamp": "2026-10-03T01:16:21.649827+00:00", "timestamp_ms": 1790990181649, "event": "sample", "controller": "queue-scaler-6678bfc76f-tdbxc", "engine": "libreoffice", "queue": 0.0, "replicas": 2, "high_samples": 0}
{"timestamp": "2026-10-03T01:16:22.640546+00:00", "timestamp_ms": 1790990182640, "event": "sample", "controller": "queue-scaler-6678bfc76f-tdbxc", "engine": "chromium", "queue": 0.0, "replicas": 2, "high_samples": 0}
{"timestamp": "2026-10-03T01:16:22.651950+00:00", "timestamp_ms": 1790990182651, "event": "sample", "controller": "queue-scaler-6678bfc76f-tdbxc", "engine": "libreoffice", "queue": 0.0, "replicas": 2, "high_samples": 0}
{"timestamp": "2026-10-03T01:16:23.640601+00:00", "timestamp_ms": 1790990183640, "event": "sample", "controller": "queue-scaler-6678bfc76f-tdbxc", "engine": "chromium", "queue": 0.0, "replicas": 2, "high_samples": 0}
{"timestamp": "2026-10-03T01:16:23.649917+00:00", "timestamp_ms": 1790990183649, "event": "sample", "controller": "queue-scaler-6678bfc76f-tdbxc", "engine": "libreoffice", "queue": 0.0, "replicas": 2, "high_samples": 0}
{"timestamp": "2026-10-03T01:16:24.640657+00:00", "timestamp_ms": 1790990184640, "event": "sample", "controller": "queue-scaler-6678bfc76f-tdbxc", "engine": "chromium", "queue": 0.0, "replicas": 2, "high_samples": 0}
{"timestamp": "2026-10-03T01:16:24.651056+00:00", "timestamp_ms": 1790990184651, "event": "sample", "controller": "queue-scaler-6678bfc76f-tdbxc", "engine": "libreoffice", "queue": 0.0, "replicas": 2, "high_samples": 0}
{"timestamp": "2026-10-03T01:16:25.638522+00:00", "timestamp_ms": 1790990185638, "event": "sample", "controller": "queue-scaler-6678bfc76f-tdbxc", "engine": "chromium", "queue": 0.0, "replicas": 2, "high_samples": 0}
{"timestamp": "2026-10-03T01:16:25.649193+00:00", "timestamp_ms": 1790990185649, "event": "sample", "controller": "queue-scaler-6678bfc76f-tdbxc", "engine": "libreoffice", "queue": 0.0, "replicas": 2, "high_samples": 0}
{"timestamp": "2026-10-03T01:16:26.640938+00:00", "timestamp_ms": 1790990186640, "event": "sample", "controller": "queue-scaler-6678bfc76f-tdbxc", "engine": "chromium", "queue": 0.0, "replicas": 2, "high_samples": 0}
{"timestamp": "2026-10-03T01:16:26.650691+00:00", "timestamp_ms": 1790990186650, "event": "sample", "controller": "queue-scaler-6678bfc76f-tdbxc", "engine": "libreoffice", "queue": 0.0, "replicas": 2, "high_samples": 0}
{"timestamp": "2026-10-03T01:16:27.639084+00:00", "timestamp_ms": 1790990187639, "event": "sample", "controller": "queue-scaler-6678bfc76f-tdbxc", "engine": "chromium", "queue": 0.0, "replicas": 2, "high_samples": 0}
{"timestamp": "2026-10-03T01:16:27.649346+00:00", "timestamp_ms": 1790990187649, "event": "sample", "controller": "queue-scaler-6678bfc76f-tdbxc", "engine": "libreoffice", "queue": 0.0, "replicas": 2, "high_samples": 0}
{"timestamp": "2026-10-03T01:16:28.640126+00:00", "timestamp_ms": 1790990188640, "event": "sample", "controller": "queue-scaler-6678bfc76f-tdbxc", "engine": "chromium", "queue": 0.0, "replicas": 2, "high_samples": 0}
{"timestamp": "2026-10-03T01:16:28.649581+00:00", "timestamp_ms": 1790990188649, "event": "sample", "controller": "queue-scaler-6678bfc76f-tdbxc", "engine": "libreoffice", "queue": 0.0, "replicas": 2, "high_samples": 0}
{"timestamp": "2026-10-03T01:16:29.639648+00:00", "timestamp_ms": 1790990189639, "event": "sample", "controller": "queue-scaler-6678bfc76f-tdbxc", "engine": "chromium", "queue": 0.0, "replicas": 2, "high_samples": 0}
{"timestamp": "2026-10-03T01:16:29.650961+00:00", "timestamp_ms": 1790990189650, "event": "sample", "controller": "queue-scaler-6678bfc76f-tdbxc", "engine": "libreoffice", "queue": 0.0, "replicas": 2, "high_samples": 0}
{"timestamp": "2026-10-03T01:16:30.639378+00:00", "timestamp_ms": 1790990190639, "event": "sample", "controller": "queue-scaler-6678bfc76f-tdbxc", "engine": "chromium", "queue": 0.0, "replicas": 2, "high_samples": 0}
{"timestamp": "2026-10-03T01:16:30.649591+00:00", "timestamp_ms": 1790990190649, "event": "sample", "controller": "queue-scaler-6678bfc76f-tdbxc", "engine": "libreoffice", "queue": 0.0, "replicas": 2, "high_samples": 0}
{"timestamp": "2026-10-03T01:16:31.642308+00:00", "timestamp_ms": 1790990191642, "event": "sample", "controller": "queue-scaler-6678bfc76f-tdbxc", "engine": "chromium", "queue": 0.0, "replicas": 2, "high_samples": 0}
{"timestamp": "2026-10-03T01:16:31.653490+00:00", "timestamp_ms": 1790990191653, "event": "sample", "controller": "queue-scaler-6678bfc76f-tdbxc", "engine": "libreoffice", "queue": 0.0, "replicas": 2, "high_samples": 0}
{"timestamp": "2026-10-03T01:16:32.641880+00:00", "timestamp_ms": 1790990192641, "event": "sample", "controller": "queue-scaler-6678bfc76f-tdbxc", "engine": "chromium", "queue": 0.0, "replicas": 2, "high_samples": 0}
{"timestamp": "2026-10-03T01:16:32.652692+00:00", "timestamp_ms": 1790990192652, "event": "sample", "controller": "queue-scaler-6678bfc76f-tdbxc", "engine": "libreoffice", "queue": 0.0, "replicas": 2, "high_samples": 0}
{"timestamp": "2026-10-03T01:16:33.640650+00:00", "timestamp_ms": 1790990193640, "event": "sample", "controller": "queue-scaler-6678bfc76f-tdbxc", "engine": "chromium", "queue": 0.0, "replicas": 2, "high_samples": 0}
{"timestamp": "2026-10-03T01:16:33.649999+00:00", "timestamp_ms": 1790990193650, "event": "sample", "controller": "queue-scaler-6678bfc76f-tdbxc", "engine": "libreoffice", "queue": 0.0, "replicas": 2, "high_samples": 0}
{"timestamp": "2026-10-03T01:16:34.640218+00:00", "timestamp_ms": 1790990194640, "event": "sample", "controller": "queue-scaler-6678bfc76f-tdbxc", "engine": "chromium", "queue": 0.0, "replicas": 2, "high_samples": 0}
{"timestamp": "2026-10-03T01:16:34.649630+00:00", "timestamp_ms": 1790990194649, "event": "sample", "controller": "queue-scaler-6678bfc76f-tdbxc", "engine": "libreoffice", "queue": 0.0, "replicas": 2, "high_samples": 0}
{"timestamp": "2026-10-03T01:16:35.640718+00:00", "timestamp_ms": 1790990195640, "event": "sample", "controller": "queue-scaler-6678bfc76f-tdbxc", "engine": "chromium", "queue": 0.0, "replicas": 2, "high_samples": 0}
{"timestamp": "2026-10-03T01:16:35.650319+00:00", "timestamp_ms": 1790990195650, "event": "sample", "controller": "queue-scaler-6678bfc76f-tdbxc", "engine": "libreoffice", "queue": 0.0, "replicas": 2, "high_samples": 0}
{"timestamp": "2026-10-03T01:16:36.644176+00:00", "timestamp_ms": 1790990196644, "event": "sample", "controller": "queue-scaler-6678bfc76f-tdbxc", "engine": "chromium", "queue": 0.0, "replicas": 2, "high_samples": 0}
{"timestamp": "2026-10-03T01:16:36.653684+00:00", "timestamp_ms": 1790990196653, "event": "sample", "controller": "queue-scaler-6678bfc76f-tdbxc", "engine": "libreoffice", "queue": 0.0, "replicas": 2, "high_samples": 0}
{"timestamp": "2026-10-03T01:16:37.640963+00:00", "timestamp_ms": 1790990197640, "event": "sample", "controller": "queue-scaler-6678bfc76f-tdbxc", "engine": "chromium", "queue": 0.0, "replicas": 2, "high_samples": 0}
{"timestamp": "2026-10-03T01:16:37.652865+00:00", "timestamp_ms": 1790990197652, "event": "sample", "controller": "queue-scaler-6678bfc76f-tdbxc", "engine": "libreoffice", "queue": 0.0, "replicas": 2, "high_samples": 0}
{"timestamp": "2026-10-03T01:16:38.641641+00:00", "timestamp_ms": 1790990198641, "event": "sample", "controller": "queue-scaler-6678bfc76f-tdbxc", "engine": "chromium", "queue": 0.0, "replicas": 2, "high_samples": 0}
{"timestamp": "2026-10-03T01:16:38.652805+00:00", "timestamp_ms": 1790990198652, "event": "sample", "controller": "queue-scaler-6678bfc76f-tdbxc", "engine": "libreoffice", "queue": 0.0, "replicas": 2, "high_samples": 0}
{"timestamp": "2026-10-03T01:16:39.640448+00:00", "timestamp_ms": 1790990199640, "event": "sample", "controller": "queue-scaler-6678bfc76f-tdbxc", "engine": "chromium", "queue": 0.0, "replicas": 2, "high_samples": 0}
{"timestamp": "2026-10-03T01:16:39.649770+00:00", "timestamp_ms": 1790990199649, "event": "sample", "controller": "queue-scaler-6678bfc76f-tdbxc", "engine": "libreoffice", "queue": 0.0, "replicas": 2, "high_samples": 0}
{"timestamp": "2026-10-03T01:16:40.640941+00:00", "timestamp_ms": 1790990200640, "event": "sample", "controller": "queue-scaler-6678bfc76f-tdbxc", "engine": "chromium", "queue": 0.0, "replicas": 2, "high_samples": 0}
{"timestamp": "2026-10-03T01:16:40.651900+00:00", "timestamp_ms": 1790990200651, "event": "sample", "controller": "queue-scaler-6678bfc76f-tdbxc", "engine": "libreoffice", "queue": 0.0, "replicas": 2, "high_samples": 0}
{"timestamp": "2026-10-03T01:16:41.641644+00:00", "timestamp_ms": 1790990201641, "event": "sample", "controller": "queue-scaler-6678bfc76f-tdbxc", "engine": "chromium", "queue": 0.0, "replicas": 2, "high_samples": 0}
{"timestamp": "2026-10-03T01:16:41.651624+00:00", "timestamp_ms": 1790990201651, "event": "sample", "controller": "queue-scaler-6678bfc76f-tdbxc", "engine": "libreoffice", "queue": 0.0, "replicas": 2, "high_samples": 0}
{"timestamp": "2026-10-03T01:16:42.642209+00:00", "timestamp_ms": 1790990202642, "event": "sample", "controller": "queue-scaler-6678bfc76f-tdbxc", "engine": "chromium", "queue": 0.0, "replicas": 2, "high_samples": 0}
{"timestamp": "2026-10-03T01:16:42.662268+00:00", "timestamp_ms": 1790990202662, "event": "sample", "controller": "queue-scaler-6678bfc76f-tdbxc", "engine": "libreoffice", "queue": 0.0, "replicas": 2, "high_samples": 0}
{"timestamp": "2026-10-03T01:16:43.650321+00:00", "timestamp_ms": 1790990203650, "event": "sample", "controller": "queue-scaler-6678bfc76f-tdbxc", "engine": "chromium", "queue": 0.0, "replicas": 2, "high_samples": 0}
{"timestamp": "2026-10-03T01:16:43.660243+00:00", "timestamp_ms": 1790990203660, "event": "sample", "controller": "queue-scaler-6678bfc76f-tdbxc", "engine": "libreoffice", "queue": 0.0, "replicas": 2, "high_samples": 0}
{"timestamp": "2026-10-03T01:16:44.641281+00:00", "timestamp_ms": 1790990204641, "event": "sample", "controller": "queue-scaler-6678bfc76f-tdbxc", "engine": "chromium", "queue": 0.0, "replicas": 2, "high_samples": 0}
{"timestamp": "2026-10-03T01:16:44.652613+00:00", "timestamp_ms": 1790990204652, "event": "sample", "controller": "queue-scaler-6678bfc76f-tdbxc", "engine": "libreoffice", "queue": 0.0, "replicas": 2, "high_samples": 0}
{"timestamp": "2026-10-03T01:16:45.641121+00:00", "timestamp_ms": 1790990205641, "event": "sample", "controller": "queue-scaler-6678bfc76f-tdbxc", "engine": "chromium", "queue": 0.0, "replicas": 2, "high_samples": 0}
{"timestamp": "2026-10-03T01:16:45.650881+00:00", "timestamp_ms": 1790990205650, "event": "sample", "controller": "queue-scaler-6678bfc76f-tdbxc", "engine": "libreoffice", "queue": 0.0, "replicas": 2, "high_samples": 0}
{"timestamp": "2026-10-03T01:16:46.643154+00:00", "timestamp_ms": 1790990206643, "event": "sample", "controller": "queue-scaler-6678bfc76f-tdbxc", "engine": "chromium", "queue": 0.0, "replicas": 2, "high_samples": 0}
{"timestamp": "2026-10-03T01:16:46.656549+00:00", "timestamp_ms": 1790990206656, "event": "sample", "controller": "queue-scaler-6678bfc76f-tdbxc", "engine": "libreoffice", "queue": 0.0, "replicas": 2, "high_samples": 0}
{"timestamp": "2026-10-03T01:16:47.640380+00:00", "timestamp_ms": 1790990207640, "event": "sample", "controller": "queue-scaler-6678bfc76f-tdbxc", "engine": "chromium", "queue": 0.0, "replicas": 2, "high_samples": 0}
{"timestamp": "2026-10-03T01:16:47.653833+00:00", "timestamp_ms": 1790990207653, "event": "sample", "controller": "queue-scaler-6678bfc76f-tdbxc", "engine": "libreoffice", "queue": 0.0, "replicas": 2, "high_samples": 0}
{"timestamp": "2026-10-03T01:16:48.641642+00:00", "timestamp_ms": 1790990208641, "event": "sample", "controller": "queue-scaler-6678bfc76f-tdbxc", "engine": "chromium", "queue": 0.0, "replicas": 2, "high_samples": 0}
{"timestamp": "2026-10-03T01:16:48.651134+00:00", "timestamp_ms": 1790990208651, "event": "sample", "controller": "queue-scaler-6678bfc76f-tdbxc", "engine": "libreoffice", "queue": 0.0, "replicas": 2, "high_samples": 0}
{"timestamp": "2026-10-03T01:16:49.642654+00:00", "timestamp_ms": 1790990209642, "event": "sample", "controller": "queue-scaler-6678bfc76f-tdbxc", "engine": "chromium", "queue": 0.0, "replicas": 2, "high_samples": 0}
{"timestamp": "2026-10-03T01:16:49.653766+00:00", "timestamp_ms": 1790990209653, "event": "sample", "controller": "queue-scaler-6678bfc76f-tdbxc", "engine": "libreoffice", "queue": 0.0, "replicas": 2, "high_samples": 0}
{"timestamp": "2026-10-03T01:16:50.642488+00:00", "timestamp_ms": 1790990210642, "event": "sample", "controller": "queue-scaler-6678bfc76f-tdbxc", "engine": "chromium", "queue": 0.0, "replicas": 2, "high_samples": 0}
{"timestamp": "2026-10-03T01:16:50.651295+00:00", "timestamp_ms": 1790990210651, "event": "sample", "controller": "queue-scaler-6678bfc76f-tdbxc", "engine": "libreoffice", "queue": 0.0, "replicas": 2, "high_samples": 0}
{"timestamp": "2026-10-03T01:16:51.641462+00:00", "timestamp_ms": 1790990211641, "event": "sample", "controller": "queue-scaler-6678bfc76f-tdbxc", "engine": "chromium", "queue": 0.0, "replicas": 2, "high_samples": 0}
{"timestamp": "2026-10-03T01:16:51.651887+00:00", "timestamp_ms": 1790990211651, "event": "sample", "controller": "queue-scaler-6678bfc76f-tdbxc", "engine": "libreoffice", "queue": 0.0, "replicas": 2, "high_samples": 0}
{"timestamp": "2026-10-03T01:16:52.640897+00:00", "timestamp_ms": 1790990212640, "event": "sample", "controller": "queue-scaler-6678bfc76f-tdbxc", "engine": "chromium", "queue": 0.0, "replicas": 2, "high_samples": 0}
{"timestamp": "2026-10-03T01:16:52.650348+00:00", "timestamp_ms": 1790990212650, "event": "sample", "controller": "queue-scaler-6678bfc76f-tdbxc", "engine": "libreoffice", "queue": 0.0, "replicas": 2, "high_samples": 0}
{"timestamp": "2026-10-03T01:16:53.640746+00:00", "timestamp_ms": 1790990213640, "event": "sample", "controller": "queue-scaler-6678bfc76f-tdbxc", "engine": "chromium", "queue": 0.0, "replicas": 2, "high_samples": 0}
{"timestamp": "2026-10-03T01:16:53.650052+00:00", "timestamp_ms": 1790990213650, "event": "sample", "controller": "queue-scaler-6678bfc76f-tdbxc", "engine": "libreoffice", "queue": 0.0, "replicas": 2, "high_samples": 0}
{"timestamp": "2026-10-03T01:16:54.643076+00:00", "timestamp_ms": 1790990214643, "event": "sample", "controller": "queue-scaler-6678bfc76f-tdbxc", "engine": "chromium", "queue": 0.0, "replicas": 2, "high_samples": 0}
{"timestamp": "2026-10-03T01:16:54.653975+00:00", "timestamp_ms": 1790990214653, "event": "sample", "controller": "queue-scaler-6678bfc76f-tdbxc", "engine": "libreoffice", "queue": 0.0, "replicas": 2, "high_samples": 0}
{"timestamp": "2026-10-03T01:16:55.641237+00:00", "timestamp_ms": 1790990215641, "event": "sample", "controller": "queue-scaler-6678bfc76f-tdbxc", "engine": "chromium", "queue": 0.0, "replicas": 2, "high_samples": 0}
{"timestamp": "2026-10-03T01:16:55.650930+00:00", "timestamp_ms": 1790990215650, "event": "sample", "controller": "queue-scaler-6678bfc76f-tdbxc", "engine": "libreoffice", "queue": 0.0, "replicas": 2, "high_samples": 0}
{"timestamp": "2026-10-03T01:16:56.641781+00:00", "timestamp_ms": 1790990216641, "event": "sample", "controller": "queue-scaler-6678bfc76f-tdbxc", "engine": "chromium", "queue": 0.0, "replicas": 2, "high_samples": 0}
{"timestamp": "2026-10-03T01:16:56.651498+00:00", "timestamp_ms": 1790990216651, "event": "sample", "controller": "queue-scaler-6678bfc76f-tdbxc", "engine": "libreoffice", "queue": 0.0, "replicas": 2, "high_samples": 0}
{"timestamp": "2026-10-03T01:16:57.643297+00:00", "timestamp_ms": 1790990217643, "event": "sample", "controller": "queue-scaler-6678bfc76f-tdbxc", "engine": "chromium", "queue": 0.0, "replicas": 2, "high_samples": 0}
{"timestamp": "2026-10-03T01:16:57.654233+00:00", "timestamp_ms": 1790990217654, "event": "sample", "controller": "queue-scaler-6678bfc76f-tdbxc", "engine": "libreoffice", "queue": 0.0, "replicas": 2, "high_samples": 0}
{"timestamp": "2026-10-03T01:16:58.641746+00:00", "timestamp_ms": 1790990218641, "event": "sample", "controller": "queue-scaler-6678bfc76f-tdbxc", "engine": "chromium", "queue": 0.0, "replicas": 2, "high_samples": 0}
{"timestamp": "2026-10-03T01:16:58.652617+00:00", "timestamp_ms": 1790990218652, "event": "sample", "controller": "queue-scaler-6678bfc76f-tdbxc", "engine": "libreoffice", "queue": 0.0, "replicas": 2, "high_samples": 0}
{"timestamp": "2026-10-03T01:16:59.641385+00:00", "timestamp_ms": 1790990219641, "event": "sample", "controller": "queue-scaler-6678bfc76f-tdbxc", "engine": "chromium", "queue": 0.0, "replicas": 2, "high_samples": 0}
{"timestamp": "2026-10-03T01:16:59.650650+00:00", "timestamp_ms": 1790990219650, "event": "sample", "controller": "queue-scaler-6678bfc76f-tdbxc", "engine": "libreoffice", "queue": 0.0, "replicas": 2, "high_samples": 0}
{"timestamp": "2026-10-03T01:17:00.643799+00:00", "timestamp_ms": 1790990220643, "event": "sample", "controller": "queue-scaler-6678bfc76f-tdbxc", "engine": "chromium", "queue": 0.0, "replicas": 2, "high_samples": 0}
{"timestamp": "2026-10-03T01:17:00.655828+00:00", "timestamp_ms": 1790990220655, "event": "sample", "controller": "queue-scaler-6678bfc76f-tdbxc", "engine": "libreoffice", "queue": 0.0, "replicas": 2, "high_samples": 0}
{"timestamp": "2026-10-03T01:17:01.643156+00:00", "timestamp_ms": 1790990221643, "event": "sample", "controller": "queue-scaler-6678bfc76f-tdbxc", "engine": "chromium", "queue": 0.0, "replicas": 2, "high_samples": 0}
{"timestamp": "2026-10-03T01:17:01.652163+00:00", "timestamp_ms": 1790990221652, "event": "sample", "controller": "queue-scaler-6678bfc76f-tdbxc", "engine": "libreoffice", "queue": 0.0, "replicas": 2, "high_samples": 0}
{"timestamp": "2026-10-03T01:17:02.643837+00:00", "timestamp_ms": 1790990222643, "event": "sample", "controller": "queue-scaler-6678bfc76f-tdbxc", "engine": "chromium", "queue": 0.0, "replicas": 2, "high_samples": 0}
{"timestamp": "2026-10-03T01:17:02.655157+00:00", "timestamp_ms": 1790990222655, "event": "sample", "controller": "queue-scaler-6678bfc76f-tdbxc", "engine": "libreoffice", "queue": 0.0, "replicas": 2, "high_samples": 0}
{"timestamp": "2026-10-03T01:17:03.643613+00:00", "timestamp_ms": 1790990223643, "event": "sample", "controller": "queue-scaler-6678bfc76f-tdbxc", "engine": "chromium", "queue": 0.0, "replicas": 2, "high_samples": 0}
{"timestamp": "2026-10-03T01:17:03.655728+00:00", "timestamp_ms": 1790990223655, "event": "sample", "controller": "queue-scaler-6678bfc76f-tdbxc", "engine": "libreoffice", "queue": 0.0, "replicas": 2, "high_samples": 0}
{"timestamp": "2026-10-03T01:17:04.642679+00:00", "timestamp_ms": 1790990224642, "event": "sample", "controller": "queue-scaler-6678bfc76f-tdbxc", "engine": "chromium", "queue": 0.0, "replicas": 2, "high_samples": 0}
{"timestamp": "2026-10-03T01:17:04.653492+00:00", "timestamp_ms": 1790990224653, "event": "sample", "controller": "queue-scaler-6678bfc76f-tdbxc", "engine": "libreoffice", "queue": 0.0, "replicas": 2, "high_samples": 0}
{"timestamp": "2026-10-03T01:17:05.641451+00:00", "timestamp_ms": 1790990225641, "event": "sample", "controller": "queue-scaler-6678bfc76f-tdbxc", "engine": "chromium", "queue": 0.0, "replicas": 2, "high_samples": 0}
{"timestamp": "2026-10-03T01:17:05.651053+00:00", "timestamp_ms": 1790990225651, "event": "sample", "controller": "queue-scaler-6678bfc76f-tdbxc", "engine": "libreoffice", "queue": 0.0, "replicas": 2, "high_samples": 0}
{"timestamp": "2026-10-03T01:17:06.642284+00:00", "timestamp_ms": 1790990226642, "event": "sample", "controller": "queue-scaler-6678bfc76f-tdbxc", "engine": "chromium", "queue": 0.0, "replicas": 2, "high_samples": 0}
{"timestamp": "2026-10-03T01:17:06.652733+00:00", "timestamp_ms": 1790990226652, "event": "sample", "controller": "queue-scaler-6678bfc76f-tdbxc", "engine": "libreoffice", "queue": 0.0, "replicas": 2, "high_samples": 0}
{"timestamp": "2026-10-03T01:17:07.641825+00:00", "timestamp_ms": 1790990227641, "event": "sample", "controller": "queue-scaler-6678bfc76f-tdbxc", "engine": "chromium", "queue": 0.0, "replicas": 2, "high_samples": 0}
{"timestamp": "2026-10-03T01:17:07.651822+00:00", "timestamp_ms": 1790990227651, "event": "sample", "controller": "queue-scaler-6678bfc76f-tdbxc", "engine": "libreoffice", "queue": 0.0, "replicas": 2, "high_samples": 0}
{"timestamp": "2026-10-03T01:17:08.641871+00:00", "timestamp_ms": 1790990228641, "event": "sample", "controller": "queue-scaler-6678bfc76f-tdbxc", "engine": "chromium", "queue": 0.0, "replicas": 2, "high_samples": 0}
{"timestamp": "2026-10-03T01:17:08.651868+00:00", "timestamp_ms": 1790990228651, "event": "sample", "controller": "queue-scaler-6678bfc76f-tdbxc", "engine": "libreoffice", "queue": 0.0, "replicas": 2, "high_samples": 0}
{"timestamp": "2026-10-03T01:17:09.642243+00:00", "timestamp_ms": 1790990229642, "event": "sample", "controller": "queue-scaler-6678bfc76f-tdbxc", "engine": "chromium", "queue": 0.0, "replicas": 2, "high_samples": 0}
{"timestamp": "2026-10-03T01:17:09.652631+00:00", "timestamp_ms": 1790990229652, "event": "sample", "controller": "queue-scaler-6678bfc76f-tdbxc", "engine": "libreoffice", "queue": 0.0, "replicas": 2, "high_samples": 0}
{"timestamp": "2026-10-03T01:17:09.663780+00:00", "timestamp_ms": 1790990229663, "event": "scale_down", "controller": "queue-scaler-6678bfc76f-tdbxc", "engine": "libreoffice", "queue": 0.0, "old_replicas": 2, "new_replicas": 1, "reason": "sustained_zero_queue"}
{"timestamp": "2026-10-03T01:17:10.643560+00:00", "timestamp_ms": 1790990230643, "event": "sample", "controller": "queue-scaler-6678bfc76f-tdbxc", "engine": "chromium", "queue": 0.0, "replicas": 2, "high_samples": 0}
{"timestamp": "2026-10-03T01:17:10.653118+00:00", "timestamp_ms": 1790990230653, "event": "sample", "controller": "queue-scaler-6678bfc76f-tdbxc", "engine": "libreoffice", "queue": 0.0, "replicas": 1, "high_samples": 0}
{"timestamp": "2026-10-03T01:17:11.644641+00:00", "timestamp_ms": 1790990231644, "event": "sample", "controller": "queue-scaler-6678bfc76f-tdbxc", "engine": "chromium", "queue": 0.0, "replicas": 2, "high_samples": 0}
{"timestamp": "2026-10-03T01:17:11.653978+00:00", "timestamp_ms": 1790990231653, "event": "sample", "controller": "queue-scaler-6678bfc76f-tdbxc", "engine": "libreoffice", "queue": 0.0, "replicas": 1, "high_samples": 0}
{"timestamp": "2026-10-03T01:17:12.647234+00:00", "timestamp_ms": 1790990232647, "event": "sample", "controller": "queue-scaler-6678bfc76f-tdbxc", "engine": "chromium", "queue": 0.0, "replicas": 2, "high_samples": 0}
{"timestamp": "2026-10-03T01:17:12.658267+00:00", "timestamp_ms": 1790990232658, "event": "sample", "controller": "queue-scaler-6678bfc76f-tdbxc", "engine": "libreoffice", "queue": 0.0, "replicas": 1, "high_samples": 0}
{"timestamp": "2026-10-03T01:17:13.648558+00:00", "timestamp_ms": 1790990233648, "event": "sample", "controller": "queue-scaler-6678bfc76f-tdbxc", "engine": "chromium", "queue": 0.0, "replicas": 2, "high_samples": 0}
{"timestamp": "2026-10-03T01:17:13.658531+00:00", "timestamp_ms": 1790990233658, "event": "sample", "controller": "queue-scaler-6678bfc76f-tdbxc", "engine": "libreoffice", "queue": 0.0, "replicas": 1, "high_samples": 0}
{"timestamp": "2026-10-03T01:17:14.643606+00:00", "timestamp_ms": 1790990234643, "event": "sample", "controller": "queue-scaler-6678bfc76f-tdbxc", "engine": "chromium", "queue": 0.0, "replicas": 2, "high_samples": 0}
{"timestamp": "2026-10-03T01:17:14.653526+00:00", "timestamp_ms": 1790990234653, "event": "sample", "controller": "queue-scaler-6678bfc76f-tdbxc", "engine": "libreoffice", "queue": 0.0, "replicas": 1, "high_samples": 0}
{"timestamp": "2026-10-03T01:17:15.643877+00:00", "timestamp_ms": 1790990235643, "event": "sample", "controller": "queue-scaler-6678bfc76f-tdbxc", "engine": "chromium", "queue": 0.0, "replicas": 2, "high_samples": 0}
{"timestamp": "2026-10-03T01:17:15.654578+00:00", "timestamp_ms": 1790990235654, "event": "sample", "controller": "queue-scaler-6678bfc76f-tdbxc", "engine": "libreoffice", "queue": 0.0, "replicas": 1, "high_samples": 0}
{"timestamp": "2026-10-03T01:17:16.642602+00:00", "timestamp_ms": 1790990236642, "event": "sample", "controller": "queue-scaler-6678bfc76f-tdbxc", "engine": "chromium", "queue": 0.0, "replicas": 2, "high_samples": 0}
{"timestamp": "2026-10-03T01:17:16.653915+00:00", "timestamp_ms": 1790990236653, "event": "sample", "controller": "queue-scaler-6678bfc76f-tdbxc", "engine": "libreoffice", "queue": 0.0, "replicas": 1, "high_samples": 0}
{"timestamp": "2026-10-03T01:17:17.644623+00:00", "timestamp_ms": 1790990237644, "event": "sample", "controller": "queue-scaler-6678bfc76f-tdbxc", "engine": "chromium", "queue": 0.0, "replicas": 2, "high_samples": 0}
{"timestamp": "2026-10-03T01:17:17.658237+00:00", "timestamp_ms": 1790990237658, "event": "sample", "controller": "queue-scaler-6678bfc76f-tdbxc", "engine": "libreoffice", "queue": 0.0, "replicas": 1, "high_samples": 0}
{"timestamp": "2026-10-03T01:17:18.644665+00:00", "timestamp_ms": 1790990238644, "event": "sample", "controller": "queue-scaler-6678bfc76f-tdbxc", "engine": "chromium", "queue": 0.0, "replicas": 2, "high_samples": 0}
{"timestamp": "2026-10-03T01:17:18.654619+00:00", "timestamp_ms": 1790990238654, "event": "sample", "controller": "queue-scaler-6678bfc76f-tdbxc", "engine": "libreoffice", "queue": 0.0, "replicas": 1, "high_samples": 0}
{"timestamp": "2026-10-03T01:17:19.645545+00:00", "timestamp_ms": 1790990239645, "event": "sample", "controller": "queue-scaler-6678bfc76f-tdbxc", "engine": "chromium", "queue": 0.0, "replicas": 2, "high_samples": 0}
{"timestamp": "2026-10-03T01:17:19.655173+00:00", "timestamp_ms": 1790990239655, "event": "sample", "controller": "queue-scaler-6678bfc76f-tdbxc", "engine": "libreoffice", "queue": 0.0, "replicas": 1, "high_samples": 0}
{"timestamp": "2026-10-03T01:17:20.643460+00:00", "timestamp_ms": 1790990240643, "event": "sample", "controller": "queue-scaler-6678bfc76f-tdbxc", "engine": "chromium", "queue": 0.0, "replicas": 2, "high_samples": 0}
{"timestamp": "2026-10-03T01:17:20.653004+00:00", "timestamp_ms": 1790990240653, "event": "sample", "controller": "queue-scaler-6678bfc76f-tdbxc", "engine": "libreoffice", "queue": 0.0, "replicas": 1, "high_samples": 0}
{"timestamp": "2026-10-03T01:17:21.644116+00:00", "timestamp_ms": 1790990241644, "event": "sample", "controller": "queue-scaler-6678bfc76f-tdbxc", "engine": "chromium", "queue": 0.0, "replicas": 2, "high_samples": 0}
{"timestamp": "2026-10-03T01:17:21.655630+00:00", "timestamp_ms": 1790990241655, "event": "sample", "controller": "queue-scaler-6678bfc76f-tdbxc", "engine": "libreoffice", "queue": 0.0, "replicas": 1, "high_samples": 0}
{"timestamp": "2026-10-03T01:17:22.643441+00:00", "timestamp_ms": 1790990242643, "event": "sample", "controller": "queue-scaler-6678bfc76f-tdbxc", "engine": "chromium", "queue": 0.0, "replicas": 2, "high_samples": 0}
{"timestamp": "2026-10-03T01:17:22.662046+00:00", "timestamp_ms": 1790990242662, "event": "sample", "controller": "queue-scaler-6678bfc76f-tdbxc", "engine": "libreoffice", "queue": 0.0, "replicas": 1, "high_samples": 0}
{"timestamp": "2026-10-03T01:17:23.645211+00:00", "timestamp_ms": 1790990243645, "event": "sample", "controller": "queue-scaler-6678bfc76f-tdbxc", "engine": "chromium", "queue": 0.0, "replicas": 2, "high_samples": 0}
{"timestamp": "2026-10-03T01:17:23.654592+00:00", "timestamp_ms": 1790990243654, "event": "sample", "controller": "queue-scaler-6678bfc76f-tdbxc", "engine": "libreoffice", "queue": 0.0, "replicas": 1, "high_samples": 0}
{"timestamp": "2026-10-03T01:17:24.644513+00:00", "timestamp_ms": 1790990244644, "event": "sample", "controller": "queue-scaler-6678bfc76f-tdbxc", "engine": "chromium", "queue": 0.0, "replicas": 2, "high_samples": 0}
{"timestamp": "2026-10-03T01:17:24.654279+00:00", "timestamp_ms": 1790990244654, "event": "sample", "controller": "queue-scaler-6678bfc76f-tdbxc", "engine": "libreoffice", "queue": 0.0, "replicas": 1, "high_samples": 0}
{"timestamp": "2026-10-03T01:17:25.643752+00:00", "timestamp_ms": 1790990245643, "event": "sample", "controller": "queue-scaler-6678bfc76f-tdbxc", "engine": "chromium", "queue": 0.0, "replicas": 2, "high_samples": 0}
{"timestamp": "2026-10-03T01:17:25.654739+00:00", "timestamp_ms": 1790990245654, "event": "sample", "controller": "queue-scaler-6678bfc76f-tdbxc", "engine": "libreoffice", "queue": 0.0, "replicas": 1, "high_samples": 0}
{"timestamp": "2026-10-03T01:17:26.645305+00:00", "timestamp_ms": 1790990246645, "event": "sample", "controller": "queue-scaler-6678bfc76f-tdbxc", "engine": "chromium", "queue": 0.0, "replicas": 2, "high_samples": 0}
{"timestamp": "2026-10-03T01:17:26.654912+00:00", "timestamp_ms": 1790990246654, "event": "sample", "controller": "queue-scaler-6678bfc76f-tdbxc", "engine": "libreoffice", "queue": 0.0, "replicas": 1, "high_samples": 0}
{"timestamp": "2026-10-03T01:17:27.644216+00:00", "timestamp_ms": 1790990247644, "event": "sample", "controller": "queue-scaler-6678bfc76f-tdbxc", "engine": "chromium", "queue": 0.0, "replicas": 2, "high_samples": 0}
{"timestamp": "2026-10-03T01:17:27.655348+00:00", "timestamp_ms": 1790990247655, "event": "sample", "controller": "queue-scaler-6678bfc76f-tdbxc", "engine": "libreoffice", "queue": 0.0, "replicas": 1, "high_samples": 0}
{"timestamp": "2026-10-03T01:17:28.644435+00:00", "timestamp_ms": 1790990248644, "event": "sample", "controller": "queue-scaler-6678bfc76f-tdbxc", "engine": "chromium", "queue": 0.0, "replicas": 2, "high_samples": 0}
{"timestamp": "2026-10-03T01:17:28.655642+00:00", "timestamp_ms": 1790990248655, "event": "sample", "controller": "queue-scaler-6678bfc76f-tdbxc", "engine": "libreoffice", "queue": 0.0, "replicas": 1, "high_samples": 0}
{"timestamp": "2026-10-03T01:17:29.645108+00:00", "timestamp_ms": 1790990249645, "event": "sample", "controller": "queue-scaler-6678bfc76f-tdbxc", "engine": "chromium", "queue": 0.0, "replicas": 2, "high_samples": 0}
{"timestamp": "2026-10-03T01:17:29.655072+00:00", "timestamp_ms": 1790990249655, "event": "sample", "controller": "queue-scaler-6678bfc76f-tdbxc", "engine": "libreoffice", "queue": 0.0, "replicas": 1, "high_samples": 0}
{"timestamp": "2026-10-03T01:17:30.644981+00:00", "timestamp_ms": 1790990250644, "event": "sample", "controller": "queue-scaler-6678bfc76f-tdbxc", "engine": "chromium", "queue": 0.0, "replicas": 2, "high_samples": 0}
{"timestamp": "2026-10-03T01:17:30.654924+00:00", "timestamp_ms": 1790990250654, "event": "sample", "controller": "queue-scaler-6678bfc76f-tdbxc", "engine": "libreoffice", "queue": 0.0, "replicas": 1, "high_samples": 0}
{"timestamp": "2026-10-03T01:17:31.645353+00:00", "timestamp_ms": 1790990251645, "event": "sample", "controller": "queue-scaler-6678bfc76f-tdbxc", "engine": "chromium", "queue": 0.0, "replicas": 2, "high_samples": 0}
{"timestamp": "2026-10-03T01:17:31.656940+00:00", "timestamp_ms": 1790990251656, "event": "sample", "controller": "queue-scaler-6678bfc76f-tdbxc", "engine": "libreoffice", "queue": 0.0, "replicas": 1, "high_samples": 0}
{"timestamp": "2026-10-03T01:17:32.645625+00:00", "timestamp_ms": 1790990252645, "event": "sample", "controller": "queue-scaler-6678bfc76f-tdbxc", "engine": "chromium", "queue": 0.0, "replicas": 2, "high_samples": 0}
{"timestamp": "2026-10-03T01:17:32.656583+00:00", "timestamp_ms": 1790990252656, "event": "sample", "controller": "queue-scaler-6678bfc76f-tdbxc", "engine": "libreoffice", "queue": 0.0, "replicas": 1, "high_samples": 0}
{"timestamp": "2026-10-03T01:17:33.646122+00:00", "timestamp_ms": 1790990253646, "event": "sample", "controller": "queue-scaler-6678bfc76f-tdbxc", "engine": "chromium", "queue": 0.0, "replicas": 2, "high_samples": 0}
{"timestamp": "2026-10-03T01:17:33.655629+00:00", "timestamp_ms": 1790990253655, "event": "sample", "controller": "queue-scaler-6678bfc76f-tdbxc", "engine": "libreoffice", "queue": 0.0, "replicas": 1, "high_samples": 0}
{"timestamp": "2026-10-03T01:17:34.644970+00:00", "timestamp_ms": 1790990254644, "event": "sample", "controller": "queue-scaler-6678bfc76f-tdbxc", "engine": "chromium", "queue": 0.0, "replicas": 2, "high_samples": 0}
{"timestamp": "2026-10-03T01:17:34.655363+00:00", "timestamp_ms": 1790990254655, "event": "sample", "controller": "queue-scaler-6678bfc76f-tdbxc", "engine": "libreoffice", "queue": 0.0, "replicas": 1, "high_samples": 0}
{"timestamp": "2026-10-03T01:17:35.645421+00:00", "timestamp_ms": 1790990255645, "event": "sample", "controller": "queue-scaler-6678bfc76f-tdbxc", "engine": "chromium", "queue": 0.0, "replicas": 2, "high_samples": 0}
{"timestamp": "2026-10-03T01:17:35.656545+00:00", "timestamp_ms": 1790990255656, "event": "sample", "controller": "queue-scaler-6678bfc76f-tdbxc", "engine": "libreoffice", "queue": 0.0, "replicas": 1, "high_samples": 0}
{"timestamp": "2026-10-03T01:17:36.648388+00:00", "timestamp_ms": 1790990256648, "event": "sample", "controller": "queue-scaler-6678bfc76f-tdbxc", "engine": "chromium", "queue": 0.0, "replicas": 2, "high_samples": 0}
{"timestamp": "2026-10-03T01:17:36.661842+00:00", "timestamp_ms": 1790990256661, "event": "sample", "controller": "queue-scaler-6678bfc76f-tdbxc", "engine": "libreoffice", "queue": 0.0, "replicas": 1, "high_samples": 0}
{"timestamp": "2026-10-03T01:17:37.643968+00:00", "timestamp_ms": 1790990257643, "event": "sample", "controller": "queue-scaler-6678bfc76f-tdbxc", "engine": "chromium", "queue": 0.0, "replicas": 2, "high_samples": 0}
{"timestamp": "2026-10-03T01:17:37.653292+00:00", "timestamp_ms": 1790990257653, "event": "sample", "controller": "queue-scaler-6678bfc76f-tdbxc", "engine": "libreoffice", "queue": 0.0, "replicas": 1, "high_samples": 0}
{"timestamp": "2026-10-03T01:17:38.645760+00:00", "timestamp_ms": 1790990258645, "event": "sample", "controller": "queue-scaler-6678bfc76f-tdbxc", "engine": "chromium", "queue": 0.0, "replicas": 2, "high_samples": 0}
{"timestamp": "2026-10-03T01:17:38.657032+00:00", "timestamp_ms": 1790990258657, "event": "sample", "controller": "queue-scaler-6678bfc76f-tdbxc", "engine": "libreoffice", "queue": 0.0, "replicas": 1, "high_samples": 0}
{"timestamp": "2026-10-03T01:17:39.644460+00:00", "timestamp_ms": 1790990259644, "event": "sample", "controller": "queue-scaler-6678bfc76f-tdbxc", "engine": "chromium", "queue": 0.0, "replicas": 2, "high_samples": 0}
{"timestamp": "2026-10-03T01:17:39.655759+00:00", "timestamp_ms": 1790990259655, "event": "sample", "controller": "queue-scaler-6678bfc76f-tdbxc", "engine": "libreoffice", "queue": 0.0, "replicas": 1, "high_samples": 0}
{"timestamp": "2026-10-03T01:17:40.646960+00:00", "timestamp_ms": 1790990260646, "event": "sample", "controller": "queue-scaler-6678bfc76f-tdbxc", "engine": "chromium", "queue": 0.0, "replicas": 2, "high_samples": 0}
{"timestamp": "2026-10-03T01:17:40.656896+00:00", "timestamp_ms": 1790990260656, "event": "sample", "controller": "queue-scaler-6678bfc76f-tdbxc", "engine": "libreoffice", "queue": 0.0, "replicas": 1, "high_samples": 0}
{"timestamp": "2026-10-03T01:17:41.645804+00:00", "timestamp_ms": 1790990261645, "event": "sample", "controller": "queue-scaler-6678bfc76f-tdbxc", "engine": "chromium", "queue": 0.0, "replicas": 2, "high_samples": 0}
{"timestamp": "2026-10-03T01:17:41.657110+00:00", "timestamp_ms": 1790990261657, "event": "sample", "controller": "queue-scaler-6678bfc76f-tdbxc", "engine": "libreoffice", "queue": 0.0, "replicas": 1, "high_samples": 0}
{"timestamp": "2026-10-03T01:17:42.647016+00:00", "timestamp_ms": 1790990262647, "event": "sample", "controller": "queue-scaler-6678bfc76f-tdbxc", "engine": "chromium", "queue": 0.0, "replicas": 2, "high_samples": 0}
{"timestamp": "2026-10-03T01:17:42.661122+00:00", "timestamp_ms": 1790990262661, "event": "sample", "controller": "queue-scaler-6678bfc76f-tdbxc", "engine": "libreoffice", "queue": 0.0, "replicas": 1, "high_samples": 0}
{"timestamp": "2026-10-03T01:17:43.644945+00:00", "timestamp_ms": 1790990263644, "event": "sample", "controller": "queue-scaler-6678bfc76f-tdbxc", "engine": "chromium", "queue": 0.0, "replicas": 2, "high_samples": 0}
{"timestamp": "2026-10-03T01:17:43.654229+00:00", "timestamp_ms": 1790990263654, "event": "sample", "controller": "queue-scaler-6678bfc76f-tdbxc", "engine": "libreoffice", "queue": 0.0, "replicas": 1, "high_samples": 0}
{"timestamp": "2026-10-03T01:17:44.647072+00:00", "timestamp_ms": 1790990264647, "event": "sample", "controller": "queue-scaler-6678bfc76f-tdbxc", "engine": "chromium", "queue": 0.0, "replicas": 2, "high_samples": 0}
{"timestamp": "2026-10-03T01:17:44.658309+00:00", "timestamp_ms": 1790990264658, "event": "sample", "controller": "queue-scaler-6678bfc76f-tdbxc", "engine": "libreoffice", "queue": 0.0, "replicas": 1, "high_samples": 0}
{"timestamp": "2026-10-03T01:17:45.646149+00:00", "timestamp_ms": 1790990265646, "event": "sample", "controller": "queue-scaler-6678bfc76f-tdbxc", "engine": "chromium", "queue": 0.0, "replicas": 2, "high_samples": 0}
{"timestamp": "2026-10-03T01:17:45.657117+00:00", "timestamp_ms": 1790990265657, "event": "sample", "controller": "queue-scaler-6678bfc76f-tdbxc", "engine": "libreoffice", "queue": 0.0, "replicas": 1, "high_samples": 0}
{"timestamp": "2026-10-03T01:17:46.647513+00:00", "timestamp_ms": 1790990266647, "event": "sample", "controller": "queue-scaler-6678bfc76f-tdbxc", "engine": "chromium", "queue": 0.0, "replicas": 2, "high_samples": 0}
{"timestamp": "2026-10-03T01:17:46.658763+00:00", "timestamp_ms": 1790990266658, "event": "sample", "controller": "queue-scaler-6678bfc76f-tdbxc", "engine": "libreoffice", "queue": 0.0, "replicas": 1, "high_samples": 0}
{"timestamp": "2026-10-03T01:17:47.645639+00:00", "timestamp_ms": 1790990267645, "event": "sample", "controller": "queue-scaler-6678bfc76f-tdbxc", "engine": "chromium", "queue": 0.0, "replicas": 2, "high_samples": 0}
{"timestamp": "2026-10-03T01:17:47.657123+00:00", "timestamp_ms": 1790990267657, "event": "sample", "controller": "queue-scaler-6678bfc76f-tdbxc", "engine": "libreoffice", "queue": 0.0, "replicas": 1, "high_samples": 0}
{"timestamp": "2026-10-03T01:17:48.648891+00:00", "timestamp_ms": 1790990268648, "event": "sample", "controller": "queue-scaler-6678bfc76f-tdbxc", "engine": "chromium", "queue": 0.0, "replicas": 2, "high_samples": 0}
{"timestamp": "2026-10-03T01:17:48.672352+00:00", "timestamp_ms": 1790990268672, "event": "sample", "controller": "queue-scaler-6678bfc76f-tdbxc", "engine": "libreoffice", "queue": 0.0, "replicas": 1, "high_samples": 0}
{"timestamp": "2026-10-03T01:17:49.645165+00:00", "timestamp_ms": 1790990269645, "event": "sample", "controller": "queue-scaler-6678bfc76f-tdbxc", "engine": "chromium", "queue": 0.0, "replicas": 2, "high_samples": 0}
{"timestamp": "2026-10-03T01:17:49.654352+00:00", "timestamp_ms": 1790990269654, "event": "sample", "controller": "queue-scaler-6678bfc76f-tdbxc", "engine": "libreoffice", "queue": 0.0, "replicas": 1, "high_samples": 0}
{"timestamp": "2026-10-03T01:17:50.647659+00:00", "timestamp_ms": 1790990270647, "event": "sample", "controller": "queue-scaler-6678bfc76f-tdbxc", "engine": "chromium", "queue": 0.0, "replicas": 2, "high_samples": 0}
{"timestamp": "2026-10-03T01:17:50.658559+00:00", "timestamp_ms": 1790990270658, "event": "sample", "controller": "queue-scaler-6678bfc76f-tdbxc", "engine": "libreoffice", "queue": 0.0, "replicas": 1, "high_samples": 0}
{"timestamp": "2026-10-03T01:17:51.644891+00:00", "timestamp_ms": 1790990271644, "event": "sample", "controller": "queue-scaler-6678bfc76f-tdbxc", "engine": "chromium", "queue": 0.0, "replicas": 2, "high_samples": 0}
{"timestamp": "2026-10-03T01:17:51.654948+00:00", "timestamp_ms": 1790990271654, "event": "sample", "controller": "queue-scaler-6678bfc76f-tdbxc", "engine": "libreoffice", "queue": 0.0, "replicas": 1, "high_samples": 0}
{"timestamp": "2026-10-03T01:17:52.646769+00:00", "timestamp_ms": 1790990272646, "event": "sample", "controller": "queue-scaler-6678bfc76f-tdbxc", "engine": "chromium", "queue": 0.0, "replicas": 2, "high_samples": 0}
{"timestamp": "2026-10-03T01:17:52.657685+00:00", "timestamp_ms": 1790990272657, "event": "sample", "controller": "queue-scaler-6678bfc76f-tdbxc", "engine": "libreoffice", "queue": 0.0, "replicas": 1, "high_samples": 0}
{"timestamp": "2026-10-03T01:17:53.645424+00:00", "timestamp_ms": 1790990273645, "event": "sample", "controller": "queue-scaler-6678bfc76f-tdbxc", "engine": "chromium", "queue": 0.0, "replicas": 2, "high_samples": 0}
{"timestamp": "2026-10-03T01:17:53.654688+00:00", "timestamp_ms": 1790990273654, "event": "sample", "controller": "queue-scaler-6678bfc76f-tdbxc", "engine": "libreoffice", "queue": 0.0, "replicas": 1, "high_samples": 0}
{"timestamp": "2026-10-03T01:17:54.647089+00:00", "timestamp_ms": 1790990274647, "event": "sample", "controller": "queue-scaler-6678bfc76f-tdbxc", "engine": "chromium", "queue": 0.0, "replicas": 2, "high_samples": 0}
{"timestamp": "2026-10-03T01:17:54.658470+00:00", "timestamp_ms": 1790990274658, "event": "sample", "controller": "queue-scaler-6678bfc76f-tdbxc", "engine": "libreoffice", "queue": 0.0, "replicas": 1, "high_samples": 0}
{"timestamp": "2026-10-03T01:17:55.647894+00:00", "timestamp_ms": 1790990275647, "event": "sample", "controller": "queue-scaler-6678bfc76f-tdbxc", "engine": "chromium", "queue": 0.0, "replicas": 2, "high_samples": 0}
{"timestamp": "2026-10-03T01:17:55.659073+00:00", "timestamp_ms": 1790990275659, "event": "sample", "controller": "queue-scaler-6678bfc76f-tdbxc", "engine": "libreoffice", "queue": 0.0, "replicas": 1, "high_samples": 0}
{"timestamp": "2026-10-03T01:17:56.646959+00:00", "timestamp_ms": 1790990276646, "event": "sample", "controller": "queue-scaler-6678bfc76f-tdbxc", "engine": "chromium", "queue": 0.0, "replicas": 2, "high_samples": 0}
{"timestamp": "2026-10-03T01:17:56.659257+00:00", "timestamp_ms": 1790990276659, "event": "sample", "controller": "queue-scaler-6678bfc76f-tdbxc", "engine": "libreoffice", "queue": 0.0, "replicas": 1, "high_samples": 0}
{"timestamp": "2026-10-03T01:17:57.645702+00:00", "timestamp_ms": 1790990277645, "event": "sample", "controller": "queue-scaler-6678bfc76f-tdbxc", "engine": "chromium", "queue": 0.0, "replicas": 2, "high_samples": 0}
{"timestamp": "2026-10-03T01:17:57.655093+00:00", "timestamp_ms": 1790990277655, "event": "sample", "controller": "queue-scaler-6678bfc76f-tdbxc", "engine": "libreoffice", "queue": 0.0, "replicas": 1, "high_samples": 0}
{"timestamp": "2026-10-03T01:17:58.648676+00:00", "timestamp_ms": 1790990278648, "event": "sample", "controller": "queue-scaler-6678bfc76f-tdbxc", "engine": "chromium", "queue": 0.0, "replicas": 2, "high_samples": 0}
{"timestamp": "2026-10-03T01:17:58.659162+00:00", "timestamp_ms": 1790990278659, "event": "sample", "controller": "queue-scaler-6678bfc76f-tdbxc", "engine": "libreoffice", "queue": 0.0, "replicas": 1, "high_samples": 0}
{"timestamp": "2026-10-03T01:17:59.650150+00:00", "timestamp_ms": 1790990279650, "event": "sample", "controller": "queue-scaler-6678bfc76f-tdbxc", "engine": "chromium", "queue": 0.0, "replicas": 2, "high_samples": 0}
{"timestamp": "2026-10-03T01:17:59.665480+00:00", "timestamp_ms": 1790990279665, "event": "sample", "controller": "queue-scaler-6678bfc76f-tdbxc", "engine": "libreoffice", "queue": 0.0, "replicas": 1, "high_samples": 0}
{"timestamp": "2026-10-03T01:18:00.651592+00:00", "timestamp_ms": 1790990280651, "event": "sample", "controller": "queue-scaler-6678bfc76f-tdbxc", "engine": "chromium", "queue": 0.0, "replicas": 2, "high_samples": 0}
{"timestamp": "2026-10-03T01:18:00.660994+00:00", "timestamp_ms": 1790990280661, "event": "sample", "controller": "queue-scaler-6678bfc76f-tdbxc", "engine": "libreoffice", "queue": 0.0, "replicas": 1, "high_samples": 0}
{"timestamp": "2026-10-03T01:18:01.653121+00:00", "timestamp_ms": 1790990281653, "event": "sample", "controller": "queue-scaler-6678bfc76f-tdbxc", "engine": "chromium", "queue": 0.0, "replicas": 2, "high_samples": 0}
{"timestamp": "2026-10-03T01:18:01.670517+00:00", "timestamp_ms": 1790990281670, "event": "sample", "controller": "queue-scaler-6678bfc76f-tdbxc", "engine": "libreoffice", "queue": 0.0, "replicas": 1, "high_samples": 0}
{"timestamp": "2026-10-03T01:18:02.646478+00:00", "timestamp_ms": 1790990282646, "event": "sample", "controller": "queue-scaler-6678bfc76f-tdbxc", "engine": "chromium", "queue": 0.0, "replicas": 2, "high_samples": 0}
{"timestamp": "2026-10-03T01:18:02.656260+00:00", "timestamp_ms": 1790990282656, "event": "sample", "controller": "queue-scaler-6678bfc76f-tdbxc", "engine": "libreoffice", "queue": 0.0, "replicas": 1, "high_samples": 0}
{"timestamp": "2026-10-03T01:18:03.647098+00:00", "timestamp_ms": 1790990283647, "event": "sample", "controller": "queue-scaler-6678bfc76f-tdbxc", "engine": "chromium", "queue": 0.0, "replicas": 2, "high_samples": 0}
{"timestamp": "2026-10-03T01:18:03.662647+00:00", "timestamp_ms": 1790990283662, "event": "sample", "controller": "queue-scaler-6678bfc76f-tdbxc", "engine": "libreoffice", "queue": 0.0, "replicas": 1, "high_samples": 0}
{"timestamp": "2026-10-03T01:18:04.646788+00:00", "timestamp_ms": 1790990284646, "event": "sample", "controller": "queue-scaler-6678bfc76f-tdbxc", "engine": "chromium", "queue": 0.0, "replicas": 2, "high_samples": 0}
{"timestamp": "2026-10-03T01:18:04.657812+00:00", "timestamp_ms": 1790990284657, "event": "sample", "controller": "queue-scaler-6678bfc76f-tdbxc", "engine": "libreoffice", "queue": 0.0, "replicas": 1, "high_samples": 0}
{"timestamp": "2026-10-03T01:18:05.647077+00:00", "timestamp_ms": 1790990285647, "event": "sample", "controller": "queue-scaler-6678bfc76f-tdbxc", "engine": "chromium", "queue": 0.0, "replicas": 2, "high_samples": 0}
{"timestamp": "2026-10-03T01:18:05.656633+00:00", "timestamp_ms": 1790990285656, "event": "scale_down", "controller": "queue-scaler-6678bfc76f-tdbxc", "engine": "chromium", "queue": 0.0, "old_replicas": 2, "new_replicas": 1, "reason": "sustained_zero_queue"}
{"timestamp": "2026-10-03T01:18:05.668198+00:00", "timestamp_ms": 1790990285668, "event": "sample", "controller": "queue-scaler-6678bfc76f-tdbxc", "engine": "libreoffice", "queue": 0.0, "replicas": 1, "high_samples": 0}
{"timestamp": "2026-10-03T01:18:06.648966+00:00", "timestamp_ms": 1790990286648, "event": "sample", "controller": "queue-scaler-6678bfc76f-tdbxc", "engine": "chromium", "queue": 0.0, "replicas": 1, "high_samples": 0}
{"timestamp": "2026-10-03T01:18:06.660901+00:00", "timestamp_ms": 1790990286660, "event": "sample", "controller": "queue-scaler-6678bfc76f-tdbxc", "engine": "libreoffice", "queue": 0.0, "replicas": 1, "high_samples": 0}
{"timestamp": "2026-10-03T01:18:07.648398+00:00", "timestamp_ms": 1790990287648, "event": "sample", "controller": "queue-scaler-6678bfc76f-tdbxc", "engine": "chromium", "queue": 0.0, "replicas": 1, "high_samples": 0}
{"timestamp": "2026-10-03T01:18:07.659233+00:00", "timestamp_ms": 1790990287659, "event": "sample", "controller": "queue-scaler-6678bfc76f-tdbxc", "engine": "libreoffice", "queue": 0.0, "replicas": 1, "high_samples": 0}
{"timestamp": "2026-10-03T01:18:08.647818+00:00", "timestamp_ms": 1790990288647, "event": "sample", "controller": "queue-scaler-6678bfc76f-tdbxc", "engine": "chromium", "queue": 0.0, "replicas": 1, "high_samples": 0}
{"timestamp": "2026-10-03T01:18:08.658351+00:00", "timestamp_ms": 1790990288658, "event": "sample", "controller": "queue-scaler-6678bfc76f-tdbxc", "engine": "libreoffice", "queue": 0.0, "replicas": 1, "high_samples": 0}
{"timestamp": "2026-10-03T01:18:09.647299+00:00", "timestamp_ms": 1790990289647, "event": "sample", "controller": "queue-scaler-6678bfc76f-tdbxc", "engine": "chromium", "queue": 0.0, "replicas": 1, "high_samples": 0}
{"timestamp": "2026-10-03T01:18:09.657972+00:00", "timestamp_ms": 1790990289657, "event": "sample", "controller": "queue-scaler-6678bfc76f-tdbxc", "engine": "libreoffice", "queue": 0.0, "replicas": 1, "high_samples": 0}
{"timestamp": "2026-10-03T01:18:10.649211+00:00", "timestamp_ms": 1790990290649, "event": "sample", "controller": "queue-scaler-6678bfc76f-tdbxc", "engine": "chromium", "queue": 0.0, "replicas": 1, "high_samples": 0}
{"timestamp": "2026-10-03T01:18:10.658569+00:00", "timestamp_ms": 1790990290658, "event": "sample", "controller": "queue-scaler-6678bfc76f-tdbxc", "engine": "libreoffice", "queue": 0.0, "replicas": 1, "high_samples": 0}
{"timestamp": "2026-10-03T01:18:11.649007+00:00", "timestamp_ms": 1790990291649, "event": "sample", "controller": "queue-scaler-6678bfc76f-tdbxc", "engine": "chromium", "queue": 0.0, "replicas": 1, "high_samples": 0}
{"timestamp": "2026-10-03T01:18:11.660024+00:00", "timestamp_ms": 1790990291660, "event": "sample", "controller": "queue-scaler-6678bfc76f-tdbxc", "engine": "libreoffice", "queue": 0.0, "replicas": 1, "high_samples": 0}
{"timestamp": "2026-10-03T01:18:12.649373+00:00", "timestamp_ms": 1790990292649, "event": "sample", "controller": "queue-scaler-6678bfc76f-tdbxc", "engine": "chromium", "queue": 0.0, "replicas": 1, "high_samples": 0}
{"timestamp": "2026-10-03T01:18:12.660388+00:00", "timestamp_ms": 1790990292660, "event": "sample", "controller": "queue-scaler-6678bfc76f-tdbxc", "engine": "libreoffice", "queue": 0.0, "replicas": 1, "high_samples": 0}
{"timestamp": "2026-10-03T01:18:13.650356+00:00", "timestamp_ms": 1790990293650, "event": "sample", "controller": "queue-scaler-6678bfc76f-tdbxc", "engine": "chromium", "queue": 0.0, "replicas": 1, "high_samples": 0}
{"timestamp": "2026-10-03T01:18:13.660780+00:00", "timestamp_ms": 1790990293660, "event": "sample", "controller": "queue-scaler-6678bfc76f-tdbxc", "engine": "libreoffice", "queue": 0.0, "replicas": 1, "high_samples": 0}
{"timestamp": "2026-10-03T01:18:14.649484+00:00", "timestamp_ms": 1790990294649, "event": "sample", "controller": "queue-scaler-6678bfc76f-tdbxc", "engine": "chromium", "queue": 0.0, "replicas": 1, "high_samples": 0}
{"timestamp": "2026-10-03T01:18:14.658886+00:00", "timestamp_ms": 1790990294658, "event": "sample", "controller": "queue-scaler-6678bfc76f-tdbxc", "engine": "libreoffice", "queue": 0.0, "replicas": 1, "high_samples": 0}
{"timestamp": "2026-10-03T01:18:15.649123+00:00", "timestamp_ms": 1790990295649, "event": "sample", "controller": "queue-scaler-6678bfc76f-tdbxc", "engine": "chromium", "queue": 0.0, "replicas": 1, "high_samples": 0}
{"timestamp": "2026-10-03T01:18:15.660639+00:00", "timestamp_ms": 1790990295660, "event": "sample", "controller": "queue-scaler-6678bfc76f-tdbxc", "engine": "libreoffice", "queue": 0.0, "replicas": 1, "high_samples": 0}
{"timestamp": "2026-10-03T01:18:16.649881+00:00", "timestamp_ms": 1790990296649, "event": "sample", "controller": "queue-scaler-6678bfc76f-tdbxc", "engine": "chromium", "queue": 0.0, "replicas": 1, "high_samples": 0}
{"timestamp": "2026-10-03T01:18:16.659948+00:00", "timestamp_ms": 1790990296659, "event": "sample", "controller": "queue-scaler-6678bfc76f-tdbxc", "engine": "libreoffice", "queue": 0.0, "replicas": 1, "high_samples": 0}
{"timestamp": "2026-10-03T01:18:17.648344+00:00", "timestamp_ms": 1790990297648, "event": "sample", "controller": "queue-scaler-6678bfc76f-tdbxc", "engine": "chromium", "queue": 0.0, "replicas": 1, "high_samples": 0}
{"timestamp": "2026-10-03T01:18:17.661485+00:00", "timestamp_ms": 1790990297661, "event": "sample", "controller": "queue-scaler-6678bfc76f-tdbxc", "engine": "libreoffice", "queue": 0.0, "replicas": 1, "high_samples": 0}
{"timestamp": "2026-10-03T01:18:18.649208+00:00", "timestamp_ms": 1790990298649, "event": "sample", "controller": "queue-scaler-6678bfc76f-tdbxc", "engine": "chromium", "queue": 0.0, "replicas": 1, "high_samples": 0}
{"timestamp": "2026-10-03T01:18:18.659884+00:00", "timestamp_ms": 1790990298659, "event": "sample", "controller": "queue-scaler-6678bfc76f-tdbxc", "engine": "libreoffice", "queue": 0.0, "replicas": 1, "high_samples": 0}
{"timestamp": "2026-10-03T01:18:19.648627+00:00", "timestamp_ms": 1790990299648, "event": "sample", "controller": "queue-scaler-6678bfc76f-tdbxc", "engine": "chromium", "queue": 0.0, "replicas": 1, "high_samples": 0}
{"timestamp": "2026-10-03T01:18:19.659735+00:00", "timestamp_ms": 1790990299659, "event": "sample", "controller": "queue-scaler-6678bfc76f-tdbxc", "engine": "libreoffice", "queue": 0.0, "replicas": 1, "high_samples": 0}
{"timestamp": "2026-10-03T01:18:20.649708+00:00", "timestamp_ms": 1790990300649, "event": "sample", "controller": "queue-scaler-6678bfc76f-tdbxc", "engine": "chromium", "queue": 0.0, "replicas": 1, "high_samples": 0}
{"timestamp": "2026-10-03T01:18:20.659338+00:00", "timestamp_ms": 1790990300659, "event": "sample", "controller": "queue-scaler-6678bfc76f-tdbxc", "engine": "libreoffice", "queue": 0.0, "replicas": 1, "high_samples": 0}
{"timestamp": "2026-10-03T01:18:21.649901+00:00", "timestamp_ms": 1790990301649, "event": "sample", "controller": "queue-scaler-6678bfc76f-tdbxc", "engine": "chromium", "queue": 0.0, "replicas": 1, "high_samples": 0}
{"timestamp": "2026-10-03T01:18:21.659586+00:00", "timestamp_ms": 1790990301659, "event": "sample", "controller": "queue-scaler-6678bfc76f-tdbxc", "engine": "libreoffice", "queue": 0.0, "replicas": 1, "high_samples": 0}
{"timestamp": "2026-10-03T01:18:22.649722+00:00", "timestamp_ms": 1790990302649, "event": "sample", "controller": "queue-scaler-6678bfc76f-tdbxc", "engine": "chromium", "queue": 0.0, "replicas": 1, "high_samples": 0}
{"timestamp": "2026-10-03T01:18:22.659637+00:00", "timestamp_ms": 1790990302659, "event": "sample", "controller": "queue-scaler-6678bfc76f-tdbxc", "engine": "libreoffice", "queue": 0.0, "replicas": 1, "high_samples": 0}
{"timestamp": "2026-10-03T01:18:23.648922+00:00", "timestamp_ms": 1790990303648, "event": "sample", "controller": "queue-scaler-6678bfc76f-tdbxc", "engine": "chromium", "queue": 0.0, "replicas": 1, "high_samples": 0}
{"timestamp": "2026-10-03T01:18:23.659120+00:00", "timestamp_ms": 1790990303659, "event": "sample", "controller": "queue-scaler-6678bfc76f-tdbxc", "engine": "libreoffice", "queue": 0.0, "replicas": 1, "high_samples": 0}
{"timestamp": "2026-10-03T01:18:24.648884+00:00", "timestamp_ms": 1790990304648, "event": "sample", "controller": "queue-scaler-6678bfc76f-tdbxc", "engine": "chromium", "queue": 0.0, "replicas": 1, "high_samples": 0}
{"timestamp": "2026-10-03T01:18:24.659431+00:00", "timestamp_ms": 1790990304659, "event": "sample", "controller": "queue-scaler-6678bfc76f-tdbxc", "engine": "libreoffice", "queue": 0.0, "replicas": 1, "high_samples": 0}
{"timestamp": "2026-10-03T01:18:25.648889+00:00", "timestamp_ms": 1790990305648, "event": "sample", "controller": "queue-scaler-6678bfc76f-tdbxc", "engine": "chromium", "queue": 0.0, "replicas": 1, "high_samples": 0}
{"timestamp": "2026-10-03T01:18:25.658525+00:00", "timestamp_ms": 1790990305658, "event": "sample", "controller": "queue-scaler-6678bfc76f-tdbxc", "engine": "libreoffice", "queue": 0.0, "replicas": 1, "high_samples": 0}
{"timestamp": "2026-10-03T01:18:26.648914+00:00", "timestamp_ms": 1790990306648, "event": "sample", "controller": "queue-scaler-6678bfc76f-tdbxc", "engine": "chromium", "queue": 0.0, "replicas": 1, "high_samples": 0}
{"timestamp": "2026-10-03T01:18:26.660298+00:00", "timestamp_ms": 1790990306660, "event": "sample", "controller": "queue-scaler-6678bfc76f-tdbxc", "engine": "libreoffice", "queue": 0.0, "replicas": 1, "high_samples": 0}
{"timestamp": "2026-10-03T01:18:27.648977+00:00", "timestamp_ms": 1790990307648, "event": "sample", "controller": "queue-scaler-6678bfc76f-tdbxc", "engine": "chromium", "queue": 0.0, "replicas": 1, "high_samples": 0}
{"timestamp": "2026-10-03T01:18:27.659607+00:00", "timestamp_ms": 1790990307659, "event": "sample", "controller": "queue-scaler-6678bfc76f-tdbxc", "engine": "libreoffice", "queue": 0.0, "replicas": 1, "high_samples": 0}
{"timestamp": "2026-10-03T01:18:28.651084+00:00", "timestamp_ms": 1790990308651, "event": "sample", "controller": "queue-scaler-6678bfc76f-tdbxc", "engine": "chromium", "queue": 0.0, "replicas": 1, "high_samples": 0}
{"timestamp": "2026-10-03T01:18:28.662190+00:00", "timestamp_ms": 1790990308662, "event": "sample", "controller": "queue-scaler-6678bfc76f-tdbxc", "engine": "libreoffice", "queue": 0.0, "replicas": 1, "high_samples": 0}
{"timestamp": "2026-10-03T01:18:29.650713+00:00", "timestamp_ms": 1790990309650, "event": "sample", "controller": "queue-scaler-6678bfc76f-tdbxc", "engine": "chromium", "queue": 0.0, "replicas": 1, "high_samples": 0}
{"timestamp": "2026-10-03T01:18:29.661725+00:00", "timestamp_ms": 1790990309661, "event": "sample", "controller": "queue-scaler-6678bfc76f-tdbxc", "engine": "libreoffice", "queue": 0.0, "replicas": 1, "high_samples": 0}
{"timestamp": "2026-10-03T01:18:30.650725+00:00", "timestamp_ms": 1790990310650, "event": "sample", "controller": "queue-scaler-6678bfc76f-tdbxc", "engine": "chromium", "queue": 0.0, "replicas": 1, "high_samples": 0}
{"timestamp": "2026-10-03T01:18:30.661949+00:00", "timestamp_ms": 1790990310661, "event": "sample", "controller": "queue-scaler-6678bfc76f-tdbxc", "engine": "libreoffice", "queue": 0.0, "replicas": 1, "high_samples": 0}
{"timestamp": "2026-10-03T01:18:31.650980+00:00", "timestamp_ms": 1790990311650, "event": "sample", "controller": "queue-scaler-6678bfc76f-tdbxc", "engine": "chromium", "queue": 0.0, "replicas": 1, "high_samples": 0}
{"timestamp": "2026-10-03T01:18:31.662189+00:00", "timestamp_ms": 1790990311662, "event": "sample", "controller": "queue-scaler-6678bfc76f-tdbxc", "engine": "libreoffice", "queue": 0.0, "replicas": 1, "high_samples": 0}
{"timestamp": "2026-10-03T01:18:32.649939+00:00", "timestamp_ms": 1790990312649, "event": "sample", "controller": "queue-scaler-6678bfc76f-tdbxc", "engine": "chromium", "queue": 0.0, "replicas": 1, "high_samples": 0}
{"timestamp": "2026-10-03T01:18:32.659236+00:00", "timestamp_ms": 1790990312659, "event": "sample", "controller": "queue-scaler-6678bfc76f-tdbxc", "engine": "libreoffice", "queue": 0.0, "replicas": 1, "high_samples": 0}
{"timestamp": "2026-10-03T01:18:33.650849+00:00", "timestamp_ms": 1790990313650, "event": "sample", "controller": "queue-scaler-6678bfc76f-tdbxc", "engine": "chromium", "queue": 0.0, "replicas": 1, "high_samples": 0}
{"timestamp": "2026-10-03T01:18:33.661134+00:00", "timestamp_ms": 1790990313661, "event": "sample", "controller": "queue-scaler-6678bfc76f-tdbxc", "engine": "libreoffice", "queue": 0.0, "replicas": 1, "high_samples": 0}
{"timestamp": "2026-10-03T01:18:34.650835+00:00", "timestamp_ms": 1790990314650, "event": "sample", "controller": "queue-scaler-6678bfc76f-tdbxc", "engine": "chromium", "queue": 0.0, "replicas": 1, "high_samples": 0}
{"timestamp": "2026-10-03T01:18:34.661666+00:00", "timestamp_ms": 1790990314661, "event": "sample", "controller": "queue-scaler-6678bfc76f-tdbxc", "engine": "libreoffice", "queue": 0.0, "replicas": 1, "high_samples": 0}
{"timestamp": "2026-10-03T01:18:35.649552+00:00", "timestamp_ms": 1790990315649, "event": "sample", "controller": "queue-scaler-6678bfc76f-tdbxc", "engine": "chromium", "queue": 0.0, "replicas": 1, "high_samples": 0}
{"timestamp": "2026-10-03T01:18:35.660744+00:00", "timestamp_ms": 1790990315660, "event": "sample", "controller": "queue-scaler-6678bfc76f-tdbxc", "engine": "libreoffice", "queue": 0.0, "replicas": 1, "high_samples": 0}
{"timestamp": "2026-10-03T01:18:36.651677+00:00", "timestamp_ms": 1790990316651, "event": "sample", "controller": "queue-scaler-6678bfc76f-tdbxc", "engine": "chromium", "queue": 0.0, "replicas": 1, "high_samples": 0}
{"timestamp": "2026-10-03T01:18:36.661384+00:00", "timestamp_ms": 1790990316661, "event": "sample", "controller": "queue-scaler-6678bfc76f-tdbxc", "engine": "libreoffice", "queue": 0.0, "replicas": 1, "high_samples": 0}
{"timestamp": "2026-10-03T01:18:37.650190+00:00", "timestamp_ms": 1790990317650, "event": "sample", "controller": "queue-scaler-6678bfc76f-tdbxc", "engine": "chromium", "queue": 0.0, "replicas": 1, "high_samples": 0}
{"timestamp": "2026-10-03T01:18:37.660068+00:00", "timestamp_ms": 1790990317660, "event": "sample", "controller": "queue-scaler-6678bfc76f-tdbxc", "engine": "libreoffice", "queue": 0.0, "replicas": 1, "high_samples": 0}
{"timestamp": "2026-10-03T01:18:38.649810+00:00", "timestamp_ms": 1790990318649, "event": "sample", "controller": "queue-scaler-6678bfc76f-tdbxc", "engine": "chromium", "queue": 0.0, "replicas": 1, "high_samples": 0}
{"timestamp": "2026-10-03T01:18:38.661083+00:00", "timestamp_ms": 1790990318661, "event": "sample", "controller": "queue-scaler-6678bfc76f-tdbxc", "engine": "libreoffice", "queue": 0.0, "replicas": 1, "high_samples": 0}
{"timestamp": "2026-10-03T01:18:39.649748+00:00", "timestamp_ms": 1790990319649, "event": "sample", "controller": "queue-scaler-6678bfc76f-tdbxc", "engine": "chromium", "queue": 0.0, "replicas": 1, "high_samples": 0}
{"timestamp": "2026-10-03T01:18:39.659198+00:00", "timestamp_ms": 1790990319659, "event": "sample", "controller": "queue-scaler-6678bfc76f-tdbxc", "engine": "libreoffice", "queue": 0.0, "replicas": 1, "high_samples": 0}
{"timestamp": "2026-10-03T01:18:40.656576+00:00", "timestamp_ms": 1790990320656, "event": "sample", "controller": "queue-scaler-6678bfc76f-tdbxc", "engine": "chromium", "queue": 0.0, "replicas": 1, "high_samples": 0}
{"timestamp": "2026-10-03T01:18:40.667588+00:00", "timestamp_ms": 1790990320667, "event": "sample", "controller": "queue-scaler-6678bfc76f-tdbxc", "engine": "libreoffice", "queue": 0.0, "replicas": 1, "high_samples": 0}
{"timestamp": "2026-10-03T01:18:41.651398+00:00", "timestamp_ms": 1790990321651, "event": "sample", "controller": "queue-scaler-6678bfc76f-tdbxc", "engine": "chromium", "queue": 0.0, "replicas": 1, "high_samples": 0}
{"timestamp": "2026-10-03T01:18:41.662494+00:00", "timestamp_ms": 1790990321662, "event": "sample", "controller": "queue-scaler-6678bfc76f-tdbxc", "engine": "libreoffice", "queue": 0.0, "replicas": 1, "high_samples": 0}
{"timestamp": "2026-10-03T01:18:42.651432+00:00", "timestamp_ms": 1790990322651, "event": "sample", "controller": "queue-scaler-6678bfc76f-tdbxc", "engine": "chromium", "queue": 0.0, "replicas": 1, "high_samples": 0}
{"timestamp": "2026-10-03T01:18:42.667521+00:00", "timestamp_ms": 1790990322667, "event": "sample", "controller": "queue-scaler-6678bfc76f-tdbxc", "engine": "libreoffice", "queue": 0.0, "replicas": 1, "high_samples": 0}
{"timestamp": "2026-10-03T01:18:43.655376+00:00", "timestamp_ms": 1790990323655, "event": "sample", "controller": "queue-scaler-6678bfc76f-tdbxc", "engine": "chromium", "queue": 0.0, "replicas": 1, "high_samples": 0}
{"timestamp": "2026-10-03T01:18:43.665371+00:00", "timestamp_ms": 1790990323665, "event": "sample", "controller": "queue-scaler-6678bfc76f-tdbxc", "engine": "libreoffice", "queue": 0.0, "replicas": 1, "high_samples": 0}
{"timestamp": "2026-10-03T01:18:44.650206+00:00", "timestamp_ms": 1790990324650, "event": "sample", "controller": "queue-scaler-6678bfc76f-tdbxc", "engine": "chromium", "queue": 0.0, "replicas": 1, "high_samples": 0}
{"timestamp": "2026-10-03T01:18:44.661258+00:00", "timestamp_ms": 1790990324661, "event": "sample", "controller": "queue-scaler-6678bfc76f-tdbxc", "engine": "libreoffice", "queue": 0.0, "replicas": 1, "high_samples": 0}
{"timestamp": "2026-10-03T01:18:45.652041+00:00", "timestamp_ms": 1790990325652, "event": "sample", "controller": "queue-scaler-6678bfc76f-tdbxc", "engine": "chromium", "queue": 0.0, "replicas": 1, "high_samples": 0}
{"timestamp": "2026-10-03T01:18:45.663230+00:00", "timestamp_ms": 1790990325663, "event": "sample", "controller": "queue-scaler-6678bfc76f-tdbxc", "engine": "libreoffice", "queue": 0.0, "replicas": 1, "high_samples": 0}
{"timestamp": "2026-10-03T01:18:46.650349+00:00", "timestamp_ms": 1790990326650, "event": "sample", "controller": "queue-scaler-6678bfc76f-tdbxc", "engine": "chromium", "queue": 0.0, "replicas": 1, "high_samples": 0}
{"timestamp": "2026-10-03T01:18:46.661658+00:00", "timestamp_ms": 1790990326661, "event": "sample", "controller": "queue-scaler-6678bfc76f-tdbxc", "engine": "libreoffice", "queue": 0.0, "replicas": 1, "high_samples": 0}
{"timestamp": "2026-10-03T01:18:47.652894+00:00", "timestamp_ms": 1790990327652, "event": "sample", "controller": "queue-scaler-6678bfc76f-tdbxc", "engine": "chromium", "queue": 0.0, "replicas": 1, "high_samples": 0}
{"timestamp": "2026-10-03T01:18:47.662412+00:00", "timestamp_ms": 1790990327662, "event": "sample", "controller": "queue-scaler-6678bfc76f-tdbxc", "engine": "libreoffice", "queue": 0.0, "replicas": 1, "high_samples": 0}
{"timestamp": "2026-10-03T01:18:48.655882+00:00", "timestamp_ms": 1790990328655, "event": "sample", "controller": "queue-scaler-6678bfc76f-tdbxc", "engine": "chromium", "queue": 0.0, "replicas": 1, "high_samples": 0}
{"timestamp": "2026-10-03T01:18:48.665484+00:00", "timestamp_ms": 1790990328665, "event": "sample", "controller": "queue-scaler-6678bfc76f-tdbxc", "engine": "libreoffice", "queue": 0.0, "replicas": 1, "high_samples": 0}
{"timestamp": "2026-10-03T01:18:49.650989+00:00", "timestamp_ms": 1790990329651, "event": "sample", "controller": "queue-scaler-6678bfc76f-tdbxc", "engine": "chromium", "queue": 0.0, "replicas": 1, "high_samples": 0}
{"timestamp": "2026-10-03T01:18:49.662517+00:00", "timestamp_ms": 1790990329662, "event": "sample", "controller": "queue-scaler-6678bfc76f-tdbxc", "engine": "libreoffice", "queue": 0.0, "replicas": 1, "high_samples": 0}
{"timestamp": "2026-10-03T01:18:50.652073+00:00", "timestamp_ms": 1790990330652, "event": "sample", "controller": "queue-scaler-6678bfc76f-tdbxc", "engine": "chromium", "queue": 0.0, "replicas": 1, "high_samples": 0}
{"timestamp": "2026-10-03T01:18:50.661979+00:00", "timestamp_ms": 1790990330661, "event": "sample", "controller": "queue-scaler-6678bfc76f-tdbxc", "engine": "libreoffice", "queue": 0.0, "replicas": 1, "high_samples": 0}
{"timestamp": "2026-10-03T01:18:51.652322+00:00", "timestamp_ms": 1790990331652, "event": "sample", "controller": "queue-scaler-6678bfc76f-tdbxc", "engine": "chromium", "queue": 0.0, "replicas": 1, "high_samples": 0}
{"timestamp": "2026-10-03T01:18:51.661964+00:00", "timestamp_ms": 1790990331661, "event": "sample", "controller": "queue-scaler-6678bfc76f-tdbxc", "engine": "libreoffice", "queue": 0.0, "replicas": 1, "high_samples": 0}
{"timestamp": "2026-10-03T01:18:52.651880+00:00", "timestamp_ms": 1790990332651, "event": "sample", "controller": "queue-scaler-6678bfc76f-tdbxc", "engine": "chromium", "queue": 0.0, "replicas": 1, "high_samples": 0}
{"timestamp": "2026-10-03T01:18:52.662994+00:00", "timestamp_ms": 1790990332663, "event": "sample", "controller": "queue-scaler-6678bfc76f-tdbxc", "engine": "libreoffice", "queue": 0.0, "replicas": 1, "high_samples": 0}
{"timestamp": "2026-10-03T01:18:53.651244+00:00", "timestamp_ms": 1790990333651, "event": "sample", "controller": "queue-scaler-6678bfc76f-tdbxc", "engine": "chromium", "queue": 0.0, "replicas": 1, "high_samples": 0}
{"timestamp": "2026-10-03T01:18:53.662767+00:00", "timestamp_ms": 1790990333662, "event": "sample", "controller": "queue-scaler-6678bfc76f-tdbxc", "engine": "libreoffice", "queue": 0.0, "replicas": 1, "high_samples": 0}
{"timestamp": "2026-10-03T01:18:54.651292+00:00", "timestamp_ms": 1790990334651, "event": "sample", "controller": "queue-scaler-6678bfc76f-tdbxc", "engine": "chromium", "queue": 0.0, "replicas": 1, "high_samples": 0}
{"timestamp": "2026-10-03T01:18:54.662012+00:00", "timestamp_ms": 1790990334662, "event": "sample", "controller": "queue-scaler-6678bfc76f-tdbxc", "engine": "libreoffice", "queue": 0.0, "replicas": 1, "high_samples": 0}
{"timestamp": "2026-10-03T01:18:55.652971+00:00", "timestamp_ms": 1790990335652, "event": "sample", "controller": "queue-scaler-6678bfc76f-tdbxc", "engine": "chromium", "queue": 0.0, "replicas": 1, "high_samples": 0}
{"timestamp": "2026-10-03T01:18:55.663921+00:00", "timestamp_ms": 1790990335663, "event": "sample", "controller": "queue-scaler-6678bfc76f-tdbxc", "engine": "libreoffice", "queue": 0.0, "replicas": 1, "high_samples": 0}
{"timestamp": "2026-10-03T01:18:56.651160+00:00", "timestamp_ms": 1790990336651, "event": "sample", "controller": "queue-scaler-6678bfc76f-tdbxc", "engine": "chromium", "queue": 0.0, "replicas": 1, "high_samples": 0}
{"timestamp": "2026-10-03T01:18:56.662539+00:00", "timestamp_ms": 1790990336662, "event": "sample", "controller": "queue-scaler-6678bfc76f-tdbxc", "engine": "libreoffice", "queue": 0.0, "replicas": 1, "high_samples": 0}
{"timestamp": "2026-10-03T01:18:57.653121+00:00", "timestamp_ms": 1790990337653, "event": "sample", "controller": "queue-scaler-6678bfc76f-tdbxc", "engine": "chromium", "queue": 0.0, "replicas": 1, "high_samples": 0}
{"timestamp": "2026-10-03T01:18:57.664981+00:00", "timestamp_ms": 1790990337664, "event": "sample", "controller": "queue-scaler-6678bfc76f-tdbxc", "engine": "libreoffice", "queue": 0.0, "replicas": 1, "high_samples": 0}
{"timestamp": "2026-10-03T01:18:58.652811+00:00", "timestamp_ms": 1790990338652, "event": "sample", "controller": "queue-scaler-6678bfc76f-tdbxc", "engine": "chromium", "queue": 0.0, "replicas": 1, "high_samples": 0}
{"timestamp": "2026-10-03T01:18:58.664463+00:00", "timestamp_ms": 1790990338664, "event": "sample", "controller": "queue-scaler-6678bfc76f-tdbxc", "engine": "libreoffice", "queue": 0.0, "replicas": 1, "high_samples": 0}
{"timestamp": "2026-10-03T01:18:59.652687+00:00", "timestamp_ms": 1790990339652, "event": "sample", "controller": "queue-scaler-6678bfc76f-tdbxc", "engine": "chromium", "queue": 0.0, "replicas": 1, "high_samples": 0}
{"timestamp": "2026-10-03T01:18:59.662261+00:00", "timestamp_ms": 1790990339662, "event": "sample", "controller": "queue-scaler-6678bfc76f-tdbxc", "engine": "libreoffice", "queue": 0.0, "replicas": 1, "high_samples": 0}
{"timestamp": "2026-10-03T01:19:00.651983+00:00", "timestamp_ms": 1790990340651, "event": "sample", "controller": "queue-scaler-6678bfc76f-tdbxc", "engine": "chromium", "queue": 0.0, "replicas": 1, "high_samples": 0}
{"timestamp": "2026-10-03T01:19:00.663468+00:00", "timestamp_ms": 1790990340663, "event": "sample", "controller": "queue-scaler-6678bfc76f-tdbxc", "engine": "libreoffice", "queue": 0.0, "replicas": 1, "high_samples": 0}
{"timestamp": "2026-10-03T01:19:01.653454+00:00", "timestamp_ms": 1790990341653, "event": "sample", "controller": "queue-scaler-6678bfc76f-tdbxc", "engine": "chromium", "queue": 0.0, "replicas": 1, "high_samples": 0}
{"timestamp": "2026-10-03T01:19:01.669512+00:00", "timestamp_ms": 1790990341669, "event": "sample", "controller": "queue-scaler-6678bfc76f-tdbxc", "engine": "libreoffice", "queue": 0.0, "replicas": 1, "high_samples": 0}
{"timestamp": "2026-10-03T01:19:02.654007+00:00", "timestamp_ms": 1790990342654, "event": "sample", "controller": "queue-scaler-6678bfc76f-tdbxc", "engine": "chromium", "queue": 0.0, "replicas": 1, "high_samples": 0}
{"timestamp": "2026-10-03T01:19:02.663652+00:00", "timestamp_ms": 1790990342663, "event": "sample", "controller": "queue-scaler-6678bfc76f-tdbxc", "engine": "libreoffice", "queue": 0.0, "replicas": 1, "high_samples": 0}
{"timestamp": "2026-10-03T01:19:03.651626+00:00", "timestamp_ms": 1790990343651, "event": "sample", "controller": "queue-scaler-6678bfc76f-tdbxc", "engine": "chromium", "queue": 0.0, "replicas": 1, "high_samples": 0}
{"timestamp": "2026-10-03T01:19:03.661109+00:00", "timestamp_ms": 1790990343661, "event": "sample", "controller": "queue-scaler-6678bfc76f-tdbxc", "engine": "libreoffice", "queue": 0.0, "replicas": 1, "high_samples": 0}
{"timestamp": "2026-10-03T01:19:04.653789+00:00", "timestamp_ms": 1790990344653, "event": "sample", "controller": "queue-scaler-6678bfc76f-tdbxc", "engine": "chromium", "queue": 0.0, "replicas": 1, "high_samples": 0}
{"timestamp": "2026-10-03T01:19:04.665082+00:00", "timestamp_ms": 1790990344665, "event": "sample", "controller": "queue-scaler-6678bfc76f-tdbxc", "engine": "libreoffice", "queue": 0.0, "replicas": 1, "high_samples": 0}
{"timestamp": "2026-10-03T01:19:05.652804+00:00", "timestamp_ms": 1790990345652, "event": "sample", "controller": "queue-scaler-6678bfc76f-tdbxc", "engine": "chromium", "queue": 0.0, "replicas": 1, "high_samples": 0}
{"timestamp": "2026-10-03T01:19:05.662634+00:00", "timestamp_ms": 1790990345662, "event": "sample", "controller": "queue-scaler-6678bfc76f-tdbxc", "engine": "libreoffice", "queue": 0.0, "replicas": 1, "high_samples": 0}
{"timestamp": "2026-10-03T01:19:06.652622+00:00", "timestamp_ms": 1790990346652, "event": "sample", "controller": "queue-scaler-6678bfc76f-tdbxc", "engine": "chromium", "queue": 0.0, "replicas": 1, "high_samples": 0}
{"timestamp": "2026-10-03T01:19:06.662325+00:00", "timestamp_ms": 1790990346662, "event": "sample", "controller": "queue-scaler-6678bfc76f-tdbxc", "engine": "libreoffice", "queue": 0.0, "replicas": 1, "high_samples": 0}
{"timestamp": "2026-10-03T01:19:07.653894+00:00", "timestamp_ms": 1790990347653, "event": "sample", "controller": "queue-scaler-6678bfc76f-tdbxc", "engine": "chromium", "queue": 0.0, "replicas": 1, "high_samples": 0}
{"timestamp": "2026-10-03T01:19:07.665332+00:00", "timestamp_ms": 1790990347665, "event": "sample", "controller": "queue-scaler-6678bfc76f-tdbxc", "engine": "libreoffice", "queue": 0.0, "replicas": 1, "high_samples": 0}
